cbsa,cbsa_name,xmin,ymin,xmax,ymax,under_40_index_perc,total_index_perc
13820,"Birmingham-Hoover, AL (Metro)",NA,NA,NA,NA,0.09732179434013227,0.08123674269096079
45180,"Talladega-Sylacauga, AL (Micro)",NA,NA,NA,NA,0.09193348566713783,0.08332502428393075
46220,"Tuscaloosa, AL (Metro)",NA,NA,NA,NA,0.09834867207371058,0.08511870848556286
26620,"Huntsville, AL (Metro)",NA,NA,NA,NA,0.09925085689752136,0.08128919820337929
10700,"Albertville, AL (Micro)",NA,NA,NA,NA,0.09133546932524861,0.08187926400887803
33660,"Mobile, AL (Metro)",NA,NA,NA,NA,0.10018123264752775,0.08843215603718373
19300,"Daphne-Fairhope-Foley, AL (Metro)",NA,NA,NA,NA,0.10668198239408766,0.09206757920030985
11500,"Anniston-Oxford-Jacksonville, AL (Metro)",NA,NA,NA,NA,0.09396759613675172,0.08355943018443392
21460,"Enterprise, AL (Micro)",NA,NA,NA,NA,0.09327947024307912,0.08170152889789338
22520,"Florence-Muscle Shoals, AL (Metro)",NA,NA,NA,NA,0.0949443763250294,0.08533254318376139
42820,"Selma, AL (Micro)",NA,NA,NA,NA,0.08843019673562749,0.08154673035912624
12120,"Atmore, AL (Micro)",NA,NA,NA,NA,0.09627885157625851,0.08575217639926982
23460,"Gadsden, AL (Metro)",NA,NA,NA,NA,0.09232061049093343,0.08317067305136784
20020,"Dothan, AL (Metro)",NA,NA,NA,NA,0.09365201229380324,0.0828161650023906
42460,"Scottsboro, AL (Micro)",NA,NA,NA,NA,0.0881399440187064,0.07986467251519451
19460,"Decatur, AL (Metro)",NA,NA,NA,NA,0.09566534738129075,0.08406855584904559
12220,"Auburn-Opelika, AL (Metro)",NA,NA,NA,NA,0.09803422922141486,0.08343934120629892
33860,"Montgomery, AL (Metro)",NA,NA,NA,NA,0.09455464342838342,0.08159634588537586
17980,"Columbus, GA-AL (Metro)",NA,NA,NA,NA,0.0944445427390289,0.08321054636946411
21640,"Eufaula, AL-GA (Micro)",NA,NA,NA,NA,0.08746603762678679,0.08000145089987806
46740,"Valley, AL (Micro)",NA,NA,NA,NA,0.08804657090898747,0.08092691812477633
18980,"Cullman, AL (Micro)",NA,NA,NA,NA,0.09270014336453988,0.08223034583848764
37120,"Ozark, AL (Micro)",NA,NA,NA,NA,0.0950994886390952,0.0841979330027021
22840,"Fort Payne, AL (Micro)",NA,NA,NA,NA,0.0858897092946828,0.0794505141751619
10760,"Alexander City, AL (Micro)",NA,NA,NA,NA,0.08988175367239383,0.08193977373833813
45980,"Troy, AL (Micro)",NA,NA,NA,NA,0.09019463679459025,0.07871405070337277
11260,"Anchorage, AK (Metro)",NA,NA,NA,NA,0.10003087666910619,0.08500599328567109
21820,"Fairbanks, AK (Metro)",NA,NA,NA,NA,0.09821929333245176,0.08355127593331022
27940,"Juneau, AK (Micro)",NA,NA,NA,NA,0.09294534170564865,0.07305381353161707
28540,"Ketchikan, AK (Micro)",NA,NA,NA,NA,0.08103094147725086,0.06308099376150017
38060,"Phoenix-Mesa-Scottsdale, AZ (Metro)",NA,NA,NA,NA,0.09876134048038557,0.08418065308628837
46060,"Tucson, AZ (Metro)",NA,NA,NA,NA,0.10180368385740424,0.08862715834962821
35700,"Nogales, AZ (Micro)",NA,NA,NA,NA,0.09122985067048026,0.08331255131287858
39140,"Prescott, AZ (Metro)",NA,NA,NA,NA,0.10527887635933864,0.09559140733375342
29420,"Lake Havasu City-Kingman, AZ (Metro)",NA,NA,NA,NA,0.118053962281281,0.10656830261030964
43320,"Show Low, AZ (Micro)",NA,NA,NA,NA,0.1009266149636583,0.09016866339845754
49740,"Yuma, AZ (Metro)",NA,NA,NA,NA,0.0884787640467546,0.08184775881141043
43420,"Sierra Vista-Douglas, AZ (Metro)",NA,NA,NA,NA,0.09777118082101457,0.08599032144995886
22380,"Flagstaff, AZ (Metro)",NA,NA,NA,NA,0.11632504397190886,0.1005091281738582
37740,"Payson, AZ (Micro)",NA,NA,NA,NA,0.10191890172804506,0.09141607924741728
40940,"Safford, AZ (Micro)",NA,NA,NA,NA,0.09428359550247215,0.0857545077967937
32820,"Memphis, TN-MS-AR (Metro)",NA,NA,NA,NA,0.09598119140989805,0.08330140406603805
30780,"Little Rock-North Little Rock-Conway, AR (Metro)",NA,NA,NA,NA,0.09493499511158401,0.08205471076060201
22220,"Fayetteville-Springdale-Rogers, AR-MO (Metro)",NA,NA,NA,NA,0.09131012548266203,0.0774156135535161
27860,"Jonesboro, AR (Metro)",NA,NA,NA,NA,0.09302965498689478,0.08372892089531296
25760,"Helena-West Helena, AR (Micro)",NA,NA,NA,NA,0.08747818220793181,0.08168947764608041
40780,"Russellville, AR (Micro)",NA,NA,NA,NA,0.08951779320643369,0.0816630030192483
22620,"Forrest City, AR (Micro)",NA,NA,NA,NA,0.08712463585688487,0.08121511879287974
22900,"Fort Smith, AR-OK (Metro)",NA,NA,NA,NA,0.09118035010642082,0.0828424615055455
45500,"Texarkana, TX-AR (Metro)",NA,NA,NA,NA,0.09798126536207229,0.08736564909098495
25460,"Harrison, AR (Micro)",NA,NA,NA,NA,0.09397352173952721,0.08510555736365119
15780,"Camden, AR (Micro)",NA,NA,NA,NA,0.08643880375916957,0.07878180108815744
20980,"El Dorado, AR (Micro)",NA,NA,NA,NA,0.09320022234377975,0.08443229546554883
42620,"Searcy, AR (Micro)",NA,NA,NA,NA,0.09374255204028967,0.08428142691043009
26300,"Hot Springs, AR (Metro)",NA,NA,NA,NA,0.10771404387907502,0.09671280436137267
38220,"Pine Bluff, AR (Metro)",NA,NA,NA,NA,0.08385814921767633,0.07641396175973343
14180,"Blytheville, AR (Micro)",NA,NA,NA,NA,0.08661903267572922,0.07993087378250875
26260,"Hope, AR (Micro)",NA,NA,NA,NA,0.08802710196975891,0.08151339887652605
11660,"Arkadelphia, AR (Micro)",NA,NA,NA,NA,0.09097107675087648,0.08156147344233278
37500,"Paragould, AR (Micro)",NA,NA,NA,NA,0.0877512931329758,0.07956226478145786
12900,"Batesville, AR (Micro)",NA,NA,NA,NA,0.08724572362199469,0.08056170992283321
31620,"Magnolia, AR (Micro)",NA,NA,NA,NA,0.09123058943164901,0.08230464468387491
31680,"Malvern, AR (Micro)",NA,NA,NA,NA,0.09413879649931263,0.08493121817525265
34260,"Mountain Home, AR (Micro)",NA,NA,NA,NA,0.09405095575393034,0.08584706394405742
41860,"San Francisco-Oakland-Hayward, CA (Metro)",NA,NA,NA,NA,0.10660218248384831,0.08020289845922171
31080,"Los Angeles-Long Beach-Anaheim, CA (Metro)",NA,NA,NA,NA,0.09830214700594418,0.08333298449611781
40900,"Sacramento--Roseville--Arden-Arcade, CA (Metro)",NA,NA,NA,NA,0.10235952556591474,0.08053870598880998
23420,"Fresno, CA (Metro)",NA,NA,NA,NA,0.08970263141967764,0.0801309065196637
17020,"Chico, CA (Metro)",NA,NA,NA,NA,0.10007585729274632,0.08651151799312226
31460,"Madera, CA (Metro)",NA,NA,NA,NA,0.08751465029287517,0.07857722771424276
46380,"Ukiah, CA (Micro)",NA,NA,NA,NA,0.09899319350815411,0.08827570438123815
32900,"Merced, CA (Metro)",NA,NA,NA,NA,0.08576152802847063,0.07681511620683132
41500,"Salinas, CA (Metro)",NA,NA,NA,NA,0.09680317388856131,0.08334761305692005
21700,"Eureka-Arcata-Fortuna, CA (Micro)",NA,NA,NA,NA,0.09887200388661095,0.08562508205499744
20940,"El Centro, CA (Metro)",NA,NA,NA,NA,0.08323715322603513,0.07340730847499018
12540,"Bakersfield, CA (Metro)",NA,NA,NA,NA,0.0874063615523301,0.07787303626170683
25260,"Hanford-Corcoran, CA (Metro)",NA,NA,NA,NA,0.08574939279949513,0.07513267695599352
46020,"Truckee-Grass Valley, CA (Micro)",NA,NA,NA,NA,0.1108673696690457,0.09421983522338034
40140,"Riverside-San Bernardino-Ontario, CA (Metro)",NA,NA,NA,NA,0.09984433621425798,0.08765412539579778
41740,"San Diego-Carlsbad, CA (Metro)",NA,NA,NA,NA,0.10794195800847023,0.0886561544604623
41940,"San Jose-Sunnyvale-Santa Clara, CA (Metro)",NA,NA,NA,NA,0.10515244740060345,0.0776248800987004
34900,"Napa, CA (Metro)",NA,NA,NA,NA,0.10718646360091644,0.09064305758852269
42200,"Santa Maria-Santa Barbara, CA (Metro)",NA,NA,NA,NA,0.10126018990467772,0.08665654561193237
37100,"Oxnard-Thousand Oaks-Ventura, CA (Metro)",NA,NA,NA,NA,0.09631997396111805,0.08104547351913169
44700,"Stockton-Lodi, CA (Metro)",NA,NA,NA,NA,0.09447389525980805,0.0818761799196898
42020,"San Luis Obispo-Paso Robles-Arroyo Grande, CA (Metro)",NA,NA,NA,NA,0.10665046335349525,0.08837878492145057
39820,"Redding, CA (Metro)",NA,NA,NA,NA,0.09704528294916549,0.085163170061948415
46700,"Vallejo-Fairfield, CA (Metro)",NA,NA,NA,NA,0.10201869186664904,0.08486600029249607
42220,"Santa Rosa, CA (Metro)",NA,NA,NA,NA,0.10291877078324056,0.08747312938878056
33700,"Modesto, CA (Metro)",NA,NA,NA,NA,0.0924177909289021,0.08182527260193688
49700,"Yuba City, CA (Metro)",NA,NA,NA,NA,0.09361879691204675,0.08133012492318654
39780,"Red Bluff, CA (Micro)",NA,NA,NA,NA,0.08928949444495472,0.07914506949888517
47300,"Visalia-Porterville, CA (Metro)",NA,NA,NA,NA,0.07997664449770286,0.07298163427896834
42100,"Santa Cruz-Watsonville, CA (Metro)",NA,NA,NA,NA,0.10223200836094212,0.08458156548078494
43760,"Sonora, CA (Micro)",NA,NA,NA,NA,0.10562489281693813,0.09177860924553309
18860,"Crescent City, CA (Micro)",NA,NA,NA,NA,0.09487031225649188,0.07781653693015957
17340,"Clearlake, CA (Micro)",NA,NA,NA,NA,0.0966029218918997,0.08664415772587168
45000,"Susanville, CA (Micro)",NA,NA,NA,NA,0.09638156424552687,0.07111591733122385
19740,"Denver-Aurora-Lakewood, CO (Metro)",NA,NA,NA,NA,0.10275071550280264,0.08345509576185146
14500,"Boulder, CO (Metro)",NA,NA,NA,NA,0.10210372771176202,0.07975396973826032
15860,"Cañon City, CO (Micro)",NA,NA,NA,NA,0.0975347575340375,0.08928166523027567
24060,"Glenwood Springs, CO (Micro)",NA,NA,NA,NA,0.12065521078734412,0.10505314299209303
24540,"Greeley, CO (Metro)",NA,NA,NA,NA,0.09660222638650674,0.08502514722268956
20420,"Durango, CO (Micro)",NA,NA,NA,NA,0.10819004858387092,0.09383025286887323
22660,"Fort Collins, CO (Metro)",NA,NA,NA,NA,0.10181419637923977,0.08688606125255054
20780,"Edwards, CO (Micro)",NA,NA,NA,NA,0.1354371123043705,0.1200066214971018
17820,"Colorado Springs, CO (Metro)",NA,NA,NA,NA,0.1041857493792997,0.08891875250115837
39380,"Pueblo, CO (Metro)",NA,NA,NA,NA,0.09716521771651573,0.08737271424189767
24300,"Grand Junction, CO (Metro)",NA,NA,NA,NA,0.1032779348690608,0.09196558593020161
18780,"Craig, CO (Micro)",NA,NA,NA,NA,0.10629417065825082,0.09066964797022227
14720,"Breckenridge, CO (Micro)",NA,NA,NA,NA,0.14139152481851108,0.12543144945342244
44540,"Sterling, CO (Micro)",NA,NA,NA,NA,0.0851030413245855,0.07900667803097505
33940,"Montrose, CO (Micro)",NA,NA,NA,NA,0.10060398105773644,0.0912989330474573
22820,"Fort Morgan, CO (Micro)",NA,NA,NA,NA,0.08799807057292294,0.08027581784007
44460,"Steamboat Springs, CO (Micro)",NA,NA,NA,NA,0.12414855233246652,0.10823132009817135
14860,"Bridgeport-Stamford-Norwalk, CT (Metro)",NA,NA,NA,NA,0.10199844093888467,0.07880758070858258
35300,"New Haven-Milford, CT (Metro)",NA,NA,NA,NA,0.09843559431188008,0.0808367985609775
35980,"Norwich-New London, CT (Metro)",NA,NA,NA,NA,0.11158496975635473,0.0915032157254067
25540,"Hartford-West Hartford-East Hartford, CT (Metro)",NA,NA,NA,NA,0.09841697637518863,0.07691950624148348
49340,"Worcester, MA-CT (Metro)",NA,NA,NA,NA,0.09824714946858486,0.08064708521708397
45860,"Torrington, CT (Micro)",NA,NA,NA,NA,0.0998668346557571,0.0821384578355881
20100,"Dover, DE (Metro)",NA,NA,NA,NA,0.09498030494576203,0.08365331944783135
37980,"Philadelphia-Camden-Wilmington, PA-NJ-DE-MD (Metro)",NA,NA,NA,NA,0.09766742560005126,0.07899103568105699
41540,"Salisbury, MD-DE (Metro)",NA,NA,NA,NA,0.10491759788027123,0.09214030864022607
47900,"Washington-Arlington-Alexandria, DC-VA-MD-WV (Metro)",NA,NA,NA,NA,0.1068211112209188,0.08474640876564155
23540,"Gainesville, FL (Metro)",NA,NA,NA,NA,0.09543472023572218,0.08103543154730032
27260,"Jacksonville, FL (Metro)",NA,NA,NA,NA,0.10170229803500161,0.08695293803169424
37860,"Pensacola-Ferry Pass-Brent, FL (Metro)",NA,NA,NA,NA,0.10654171403879925,0.09293390766378926
15980,"Cape Coral-Fort Myers, FL (Metro)",NA,NA,NA,NA,0.10905190080134573,0.09753452961734314
34940,"Naples-Immokalee-Marco Island, FL (Metro)",NA,NA,NA,NA,0.11496023369916628,0.10359944371960676
36740,"Orlando-Kissimmee-Sanford, FL (Metro)",NA,NA,NA,NA,0.11122430204222664,0.09759289489496055
37460,"Panama City, FL (Metro)",NA,NA,NA,NA,0.1099259217354277,0.09806825789081633
37340,"Palm Bay-Melbourne-Titusville, FL (Metro)",NA,NA,NA,NA,0.10444488812567154,0.08998553056098077
33100,"Miami-Fort Lauderdale-West Palm Beach, FL (Metro)",NA,NA,NA,NA,0.10193211003290208,0.08830097847552977
39460,"Punta Gorda, FL (Metro)",NA,NA,NA,NA,0.1096072904991156,0.09875508723116198
26140,"Homosassa Springs, FL (Metro)",NA,NA,NA,NA,0.10195362879391798,0.09283936343315127
19660,"Deltona-Daytona Beach-Ormond Beach, FL (Metro)",NA,NA,NA,NA,0.10604233050547801,0.09436280206298532
48100,"Wauchula, FL (Micro)",NA,NA,NA,NA,0.08550236251550207,0.08032870266901503
45300,"Tampa-St. Petersburg-Clearwater, FL (Metro)",NA,NA,NA,NA,0.10043517166144503,0.08591031709401403
42700,"Sebring, FL (Metro)",NA,NA,NA,NA,0.09373663656438552,0.08672403725379911
45220,"Tallahassee, FL (Metro)",NA,NA,NA,NA,0.0896451811962095,0.07550860733233809
42680,"Sebastian-Vero Beach, FL (Metro)",NA,NA,NA,NA,0.1051066248632754,0.09328298257849489
28580,"Key West, FL (Micro)",NA,NA,NA,NA,0.13042989651024672,0.11564465601926731
18880,"Crestview-Fort Walton Beach-Destin, FL (Metro)",NA,NA,NA,NA,0.11558711198875599,0.10220231775232869
36100,"Ocala, FL (Metro)",NA,NA,NA,NA,0.10022740135470655,0.09115492032036142
35840,"North Port-Sarasota-Bradenton, FL (Metro)",NA,NA,NA,NA,0.10583372290766938,0.09402236950987769
38940,"Port St. Lucie, FL (Metro)",NA,NA,NA,NA,0.10464794308645559,0.09135574716844579
45540,"The Villages, FL (Metro)",NA,NA,NA,NA,0.1035912833036609,0.09508204931996164
29460,"Lakeland-Winter Haven, FL (Metro)",NA,NA,NA,NA,0.10279485058893839,0.09207365575946944
37260,"Palatka, FL (Micro)",NA,NA,NA,NA,0.09725981641539065,0.08820788806978053
36380,"Okeechobee, FL (Micro)",NA,NA,NA,NA,0.09562335218088108,0.08658423603317275
11580,"Arcadia, FL (Micro)",NA,NA,NA,NA,0.09201575371795408,0.08743062819084431
29380,"Lake City, FL (Micro)",NA,NA,NA,NA,0.09744744106774957,0.08776283139206373
17500,"Clewiston, FL (Micro)",NA,NA,NA,NA,0.09001686535123216,0.08188134304506481
12060,"Atlanta-Sandy Springs-Roswell, GA (Metro)",NA,NA,NA,NA,0.09785051727249981,0.08052445774215354
42340,"Savannah, GA (Metro)",NA,NA,NA,NA,0.10654268198792602,0.09263226887582918
12020,"Athens-Clarke County, GA (Metro)",NA,NA,NA,NA,0.09198982756789638,0.08008797131421987
12260,"Augusta-Richmond County, GA-SC (Metro)",NA,NA,NA,NA,0.09729437792649376,0.08543305742077899
31420,"Macon-Bibb County, GA (Metro)",NA,NA,NA,NA,0.09235793020707432,0.08277246256018743
15260,"Brunswick, GA (Metro)",NA,NA,NA,NA,0.10955896120127549,0.09860943225066653
44340,"Statesboro, GA (Micro)",NA,NA,NA,NA,0.09161367463104463,0.08224773435094344
41220,"St. Marys, GA (Micro)",NA,NA,NA,NA,0.10673990085941414,0.0941398930253918
10500,"Albany, GA (Metro)",NA,NA,NA,NA,0.08846224060535914,0.08184926299485952
40660,"Rome, GA (Metro)",NA,NA,NA,NA,0.09593713050441247,0.0860462441474242
20140,"Dublin, GA (Micro)",NA,NA,NA,NA,0.08945985448357008,0.08175718986142112
46660,"Valdosta, GA (Metro)",NA,NA,NA,NA,0.09314755083888375,0.08496903639503582
15660,"Calhoun, GA (Micro)",NA,NA,NA,NA,0.08824269500599395,0.08009395272321475
23580,"Gainesville, GA (Metro)",NA,NA,NA,NA,0.09164533199202178,0.0821217038975176
33300,"Milledgeville, GA (Micro)",NA,NA,NA,NA,0.08998393829522972,0.08153887738795682
47580,"Warner Robins, GA (Metro)",NA,NA,NA,NA,0.09684741358231817,0.08487807560163382
48180,"Waycross, GA (Micro)",NA,NA,NA,NA,0.09157790042228803,0.08413980035222214
19140,"Dalton, GA (Metro)",NA,NA,NA,NA,0.08610372485917471,0.07945206211515371
11140,"Americus, GA (Micro)",NA,NA,NA,NA,0.08434021815791555,0.07748601724896505
45700,"Tifton, GA (Micro)",NA,NA,NA,NA,0.09395814250770171,0.08594108272502739
29300,"LaGrange, GA (Micro)",NA,NA,NA,NA,0.08888153294010669,0.08079604331773406
16860,"Chattanooga, TN-GA (Metro)",NA,NA,NA,NA,0.09722682203530815,0.08419858160048223
25980,"Hinesville, GA (Metro)",NA,NA,NA,NA,0.09932454303678873,0.09004246536222374
18380,"Cordele, GA (Micro)",NA,NA,NA,NA,0.09043583287181886,0.08292359738038407
47080,"Vidalia, GA (Micro)",NA,NA,NA,NA,0.08479271213039624,0.07733917298466662
45580,"Thomaston, GA (Micro)",NA,NA,NA,NA,0.0894248743016375,0.08227759758982432
20060,"Douglas, GA (Micro)",NA,NA,NA,NA,0.08980505149349419,0.08317056289313429
34220,"Moultrie, GA (Micro)",NA,NA,NA,NA,0.08468086627712305,0.07906187974615447
45620,"Thomasville, GA (Micro)",NA,NA,NA,NA,0.0899859795763672,0.08165834054857067
27700,"Jesup, GA (Micro)",NA,NA,NA,NA,0.09486474784789378,0.08621123598813352
22340,"Fitzgerald, GA (Micro)",NA,NA,NA,NA,0.08447385052254462,0.07801722049409582
45740,"Toccoa, GA (Micro)",NA,NA,NA,NA,0.08880369850274672,0.0814584489769496
12460,"Bainbridge, GA (Micro)",NA,NA,NA,NA,0.08310949088758167,0.07709598147392904
44900,"Summerville, GA (Micro)",NA,NA,NA,NA,0.08366150937728714,0.07790306943945688
18460,"Cornelia, GA (Micro)",NA,NA,NA,NA,0.09099327745663337,0.08180024077586576
27600,"Jefferson, GA (Micro)",NA,NA,NA,NA,0.09014189544910434,0.08049247518616766
16340,"Cedartown, GA (Micro)",NA,NA,NA,NA,0.09419993882291594,0.08538465094690147
25900,"Hilo, HI (Micro)",NA,NA,NA,NA,0.112502487299292,0.10812127415574585
46520,"Urban Honolulu, HI (Metro)",NA,NA,NA,NA,0.11313400107765473,0.10358399156414173
27980,"Kahului-Wailuku-Lahaina, HI (Metro)",NA,NA,NA,NA,0.12470853318468338,0.1251521205225742
28180,"Kapaa, HI (Micro)",NA,NA,NA,NA,0.1293974012563415,0.1256313138525877
14260,"Boise City, ID (Metro)",NA,NA,NA,NA,0.09440239495243237,0.08320751506052047
38540,"Pocatello, ID (Metro)",NA,NA,NA,NA,0.09247359644292141,0.0820214568662444
25200,"Hailey, ID (Micro)",NA,NA,NA,NA,0.11131477267078937,0.101053053577689
41760,"Sandpoint, ID (Micro)",NA,NA,NA,NA,0.09747970532688889,0.08888448537627627
26820,"Idaho Falls, ID (Metro)",NA,NA,NA,NA,0.09225941681361445,0.08212165916087377
34300,"Mountain Home, ID (Micro)",NA,NA,NA,NA,0.09074021337240151,0.08399496440941087
39940,"Rexburg, ID (Micro)",NA,NA,NA,NA,0.0903017788783491,0.08148707045606009
17660,"Coeur dAlene, ID (Metro)",NA,NA,NA,NA,0.10082217971039284,0.08976023305198386
34140,"Moscow, ID (Micro)",NA,NA,NA,NA,0.09536611995528162,0.07954302116116234
30300,"Lewiston, ID-WA (Metro)",NA,NA,NA,NA,0.09467776072442902,0.08281804868488213
46300,"Twin Falls, ID (Micro)",NA,NA,NA,NA,0.08629933309284274,0.07950251628167242
13940,"Blackfoot, ID (Micro)",NA,NA,NA,NA,0.08566145213218199,0.078195987999971
30860,"Logan, UT-ID (Metro)",NA,NA,NA,NA,0.08688725402721445,0.07869329059976783
15420,"Burley, ID (Micro)",NA,NA,NA,NA,0.08091305071684812,0.07519370302753622
27220,"Jackson, WY-ID (Micro)",NA,NA,NA,NA,0.1370770492280438,0.12077605029843096
36620,"Ontario, OR-ID (Micro)",NA,NA,NA,NA,0.08730323108674792,0.07932213769209882
16980,"Chicago-Naperville-Elgin, IL-IN-WI (Metro)",NA,NA,NA,NA,0.09826729498499713,0.0811931160172984
41180,"St. Louis, MO-IL (Metro)",NA,NA,NA,NA,0.09956559489659304,0.08392763798724126
44100,"Springfield, IL (Metro)",NA,NA,NA,NA,0.09551767344874743,0.0765868868050767
37900,"Peoria, IL (Metro)",NA,NA,NA,NA,0.09728348346252182,0.08366342144307251
19180,"Danville, IL (Metro)",NA,NA,NA,NA,0.09042621876315282,0.0805130173196975
44580,"Sterling, IL (Micro)",NA,NA,NA,NA,0.09142393821655133,0.08178036326773207
15900,"Canton, IL (Micro)",NA,NA,NA,NA,0.08977246927694679,0.08046895740229398
22800,"Fort Madison-Keokuk, IA-IL-MO (Micro)",NA,NA,NA,NA,0.09066249595016447,0.0811831307695531
16060,"Carbondale-Marion, IL (Metro)",NA,NA,NA,NA,0.09324895575192546,0.08198171270147364
39500,"Quincy, IL-MO (Micro)",NA,NA,NA,NA,0.09161221586372177,0.08232942071134125
36860,"Ottawa-Peru, IL (Micro)",NA,NA,NA,NA,0.09229865628425654,0.08222905850492836
16580,"Champaign-Urbana, IL (Metro)",NA,NA,NA,NA,0.09523636587423141,0.08008660012832922
40420,"Rockford, IL (Metro)",NA,NA,NA,NA,0.09514234760162696,0.08358103180821026
23660,"Galesburg, IL (Micro)",NA,NA,NA,NA,0.09396730247760228,0.08398404248649388
20820,"Effingham, IL (Micro)",NA,NA,NA,NA,0.09763207755256469,0.08740819014429368
38700,"Pontiac, IL (Micro)",NA,NA,NA,NA,0.09096987704065218,0.08012376000247232
30660,"Lincoln, IL (Micro)",NA,NA,NA,NA,0.0943400396322443,0.08088130871715216
14010,"Bloomington, IL (Metro)",NA,NA,NA,NA,0.09714232204967142,0.07298204685269347
19500,"Decatur, IL (Metro)",NA,NA,NA,NA,0.09943886917173238,0.0857747655345128
27300,"Jacksonville, IL (Micro)",NA,NA,NA,NA,0.09170184429043599,0.08032220526357496
19340,"Davenport-Moline-Rock Island, IA-IL (Metro)",NA,NA,NA,NA,0.09814152130113853,0.0845476883494276
28100,"Kankakee, IL (Metro)",NA,NA,NA,NA,0.09311939550093655,0.08263160794406059
16020,"Cape Girardeau, MO-IL (Metro)",NA,NA,NA,NA,0.09242015150037343,0.08421559912510422
31380,"Macomb, IL (Micro)",NA,NA,NA,NA,0.09489042259196033,0.08163398473927394
16460,"Centralia, IL (Micro)",NA,NA,NA,NA,0.09206092415264064,0.08240618650154471
34500,"Mount Vernon, IL (Micro)",NA,NA,NA,NA,0.09468727150178281,0.08351229727658464
37140,"Paducah, KY-IL (Micro)",NA,NA,NA,NA,0.10105767220908221,0.08932653110966748
23300,"Freeport, IL (Micro)",NA,NA,NA,NA,0.09152814673389419,0.0828247396392913
45380,"Taylorville, IL (Micro)",NA,NA,NA,NA,0.09215788036627863,0.08038350478155644
16660,"Charleston-Mattoon, IL (Micro)",NA,NA,NA,NA,0.09001085490332471,0.08058949775083678
40300,"Rochelle, IL (Micro)",NA,NA,NA,NA,0.0910241573891605,0.07968761906430938
15460,"Burlington, IA-IL (Micro)",NA,NA,NA,NA,0.09383808879115123,0.08400747215289874
19940,"Dixon, IL (Micro)",NA,NA,NA,NA,0.09123488365170918,0.080513729209851
26900,"Indianapolis-Carmel-Anderson, IN (Metro)",NA,NA,NA,NA,0.09648266058941957,0.08300971477362812
45460,"Terre Haute, IN (Metro)",NA,NA,NA,NA,0.09406744255868722,0.08507267714971246
29200,"Lafayette-West Lafayette, IN (Metro)",NA,NA,NA,NA,0.09462029849026354,0.08179649380837196
21780,"Evansville, IN-KY (Metro)",NA,NA,NA,NA,0.09680330500237247,0.08640772611282091
47340,"Wabash, IN (Micro)",NA,NA,NA,NA,0.08756716507686678,0.0803861796028418
39980,"Richmond, IN (Micro)",NA,NA,NA,NA,0.09268934462955869,0.08413400973024655
23060,"Fort Wayne, IN (Metro)",NA,NA,NA,NA,0.0958138495619663,0.08456429126685104
19540,"Decatur, IN (Micro)",NA,NA,NA,NA,0.08843929344262602,0.08048300900220379
47180,"Vincennes, IN (Micro)",NA,NA,NA,NA,0.09244499553952013,0.08401112536248845
30900,"Logansport, IN (Micro)",NA,NA,NA,NA,0.08753523490023626,0.08057235269630943
31140,"Louisville/Jefferson County, KY-IN (Metro)",NA,NA,NA,NA,0.09666556703189365,0.08220831132714848
47780,"Washington, IN (Micro)",NA,NA,NA,NA,0.09490575126807366,0.08854408214037321
12140,"Auburn, IN (Micro)",NA,NA,NA,NA,0.09004055219621315,0.08072153636697056
34620,"Muncie, IN (Metro)",NA,NA,NA,NA,0.095446231649044,0.0848805026691325
21140,"Elkhart-Goshen, IN (Metro)",NA,NA,NA,NA,0.08798456529186927,0.07901953832693279
35220,"New Castle, IN (Micro)",NA,NA,NA,NA,0.09224793018670852,0.08323933090828266
29020,"Kokomo, IN (Metro)",NA,NA,NA,NA,0.09788774762136648,0.08490289450147434
42980,"Seymour, IN (Micro)",NA,NA,NA,NA,0.08776848064952654,0.07838497727006455
33140,"Michigan City-La Porte, IN (Metro)",NA,NA,NA,NA,0.10156390291689711,0.08981104723682007
37940,"Peru, IN (Micro)",NA,NA,NA,NA,0.0905845837015803,0.08269855114543058
14020,"Bloomington, IN (Metro)",NA,NA,NA,NA,0.0966159293532941,0.08218245111870223
43780,"South Bend-Mishawaka, IN-MI (Metro)",NA,NA,NA,NA,0.09196851750637232,0.08106220194476306
18820,"Crawfordsville, IN (Micro)",NA,NA,NA,NA,0.08838051977564958,0.07996749046176829
31980,"Marion, IN (Micro)",NA,NA,NA,NA,0.09048721417761868,0.0822433667781647
38500,"Plymouth, IN (Micro)",NA,NA,NA,NA,0.0871430381889457,0.07916701853967506
26540,"Huntington, IN (Micro)",NA,NA,NA,NA,0.09028074753836658,0.0818417134075274
35860,"North Vernon, IN (Micro)",NA,NA,NA,NA,0.08899732400855714,0.0814855411519724
47700,"Warsaw, IN (Micro)",NA,NA,NA,NA,0.09095748782613933,0.0806011544071286
23140,"Frankfort, IN (Micro)",NA,NA,NA,NA,0.08850520908289862,0.08031847711007754
24700,"Greensburg, IN (Micro)",NA,NA,NA,NA,0.09159491768828348,0.08130460715692527
27540,"Jasper, IN (Micro)",NA,NA,NA,NA,0.08716175549206312,0.07953769089389572
13260,"Bedford, IN (Micro)",NA,NA,NA,NA,0.09232158909465081,0.08546007547106085
28340,"Kendallville, IN (Micro)",NA,NA,NA,NA,0.08708232966741176,0.078925435280452
31500,"Madison, IN (Micro)",NA,NA,NA,NA,0.09413081494260832,0.08226075734602703
18220,"Connersville, IN (Micro)",NA,NA,NA,NA,0.0897522678905166,0.08284045511626809
11420,"Angola, IN (Micro)",NA,NA,NA,NA,0.08968804520559602,0.08133631054567964
17140,"Cincinnati, OH-KY-IN (Metro)",NA,NA,NA,NA,0.09897420566740765,0.08243720126661001
18020,"Columbus, IN (Metro)",NA,NA,NA,NA,0.09170059644665769,0.08018750655933204
16300,"Cedar Rapids, IA (Metro)",NA,NA,NA,NA,0.09422163191001205,0.07896887599065333
32260,"Marshalltown, IA (Micro)",NA,NA,NA,NA,0.09200316658632011,0.0812906449437004
35500,"Newton, IA (Micro)",NA,NA,NA,NA,0.09307313051572308,0.07999071190632548
26980,"Iowa City, IA (Metro)",NA,NA,NA,NA,0.09633416778962982,0.080093049541687
47940,"Waterloo-Cedar Falls, IA (Metro)",NA,NA,NA,NA,0.09294212138853762,0.08020111334217549
20220,"Dubuque, IA (Metro)",NA,NA,NA,NA,0.09467219296280083,0.08162160349045619
14340,"Boone, IA (Micro)",NA,NA,NA,NA,0.08855665290475995,0.07647710751068651
16140,"Carroll, IA (Micro)",NA,NA,NA,NA,0.08796167256427002,0.07774427952726326
32380,"Mason City, IA (Micro)",NA,NA,NA,NA,0.09401023268790006,0.08254613087631855
17540,"Clinton, IA (Micro)",NA,NA,NA,NA,0.09280765476699339,0.08232550311902094
19780,"Des Moines-West Des Moines, IA (Metro)",NA,NA,NA,NA,0.09631042868388597,0.07690011401013064
43580,"Sioux City, IA-NE-SD (Metro)",NA,NA,NA,NA,0.09433588306261183,0.08397002040797538
11180,"Ames, IA (Metro)",NA,NA,NA,NA,0.09845141389029201,0.07800456076751092
22700,"Fort Dodge, IA (Micro)",NA,NA,NA,NA,0.09375079418730171,0.0818919542868586
36540,"Omaha-Council Bluffs, NE-IA (Metro)",NA,NA,NA,NA,0.09587080931853623,0.08090233648310428
44740,"Storm Lake, IA (Micro)",NA,NA,NA,NA,0.08251210526667893,0.07393688229308268
36900,"Ottumwa, IA (Micro)",NA,NA,NA,NA,0.09048897588142678,0.07999034755994971
34700,"Muscatine, IA (Micro)",NA,NA,NA,NA,0.08999632306715358,0.07812047718126529
36820,"Oskaloosa, IA (Micro)",NA,NA,NA,NA,0.09067046160401235,0.07948775977109097
44020,"Spirit Lake, IA (Micro)",NA,NA,NA,NA,0.09664753984963081,0.08497463998081137
37800,"Pella, IA (Micro)",NA,NA,NA,NA,0.09283959864658906,0.07856127787577119
21840,"Fairfield, IA (Micro)",NA,NA,NA,NA,0.08557393696156336,0.07519279242565698
43980,"Spencer, IA (Micro)",NA,NA,NA,NA,0.08867922758203967,0.07901119107447621
37660,"Parsons, KS (Micro)",NA,NA,NA,NA,0.08135017892214227,0.07580084780752319
21380,"Emporia, KS (Micro)",NA,NA,NA,NA,0.08985933863129968,0.08087556935848586
28140,"Kansas City, MO-KS (Metro)",NA,NA,NA,NA,0.09625766645834596,0.08044200177581583
17700,"Coffeyville, KS (Micro)",NA,NA,NA,NA,0.08478987290674835,0.07846039030060267
26740,"Hutchinson, KS (Micro)",NA,NA,NA,NA,0.09121669254143598,0.08101403685037292
31740,"Manhattan, KS (Metro)",NA,NA,NA,NA,0.09406505134234859,0.08185391268594965
41460,"Salina, KS (Micro)",NA,NA,NA,NA,0.09043862774045802,0.081839858470373
48620,"Wichita, KS (Metro)",NA,NA,NA,NA,0.09660937106972385,0.08456002798440483
45820,"Topeka, KS (Metro)",NA,NA,NA,NA,0.08852781461128234,0.07778216014393494
24460,"Great Bend, KS (Micro)",NA,NA,NA,NA,0.08677144915572542,0.08014112102609038
11680,"Arkansas City-Winfield, KS (Micro)",NA,NA,NA,NA,0.0885321523543046,0.08127729449867595
38260,"Pittsburg, KS (Micro)",NA,NA,NA,NA,0.08719995792016019,0.07945599291494494
36840,"Ottawa, KS (Micro)",NA,NA,NA,NA,0.08689463359026788,0.0781486110290466
29940,"Lawrence, KS (Metro)",NA,NA,NA,NA,0.09824668268734259,0.0826882401913393
23780,"Garden City, KS (Micro)",NA,NA,NA,NA,0.08724310263676338,0.07755387922327306
27920,"Junction City, KS (Micro)",NA,NA,NA,NA,0.09119766505471796,0.08347567027116959
11860,"Atchison, KS (Micro)",NA,NA,NA,NA,0.08885200190749075,0.08051851358819538
32700,"McPherson, KS (Micro)",NA,NA,NA,NA,0.08841600243985198,0.07921300875592018
25700,"Hays, KS (Micro)",NA,NA,NA,NA,0.09147216518814247,0.08158458603653533
30580,"Liberal, KS (Micro)",NA,NA,NA,NA,0.08228327953650919,0.07555164558722681
41140,"St. Joseph, MO-KS (Metro)",NA,NA,NA,NA,0.0917445947524558,0.0827427228399386
19980,"Dodge City, KS (Micro)",NA,NA,NA,NA,0.08515567793256533,0.07783635984874519
40080,"Richmond-Berea, KY (Micro)",NA,NA,NA,NA,0.09595503284202768,0.08279155774685905
34460,"Mount Sterling, KY (Micro)",NA,NA,NA,NA,0.08935095479542929,0.08185214153924249
26580,"Huntington-Ashland, WV-KY-OH (Metro)",NA,NA,NA,NA,0.09779863402622499,0.08717072441768851
34660,"Murray, KY (Micro)",NA,NA,NA,NA,0.09065333225905259,0.08123465000953059
30460,"Lexington-Fayette, KY (Metro)",NA,NA,NA,NA,0.0988023167420009,0.08338621737959788
17300,"Clarksville, TN-KY (Metro)",NA,NA,NA,NA,0.09885894846780886,0.08598869721827983
36980,"Owensboro, KY (Metro)",NA,NA,NA,NA,0.09516389378206278,0.08383181994029312
21060,"Elizabethtown-Fort Knox, KY (Metro)",NA,NA,NA,NA,0.09451299787664116,0.0836764794533636
32460,"Mayfield, KY (Micro)",NA,NA,NA,NA,0.09094351825548418,0.08289730559776592
31580,"Madisonville, KY (Micro)",NA,NA,NA,NA,0.0924913414306318,0.0838793429799651
12680,"Bardstown, KY (Micro)",NA,NA,NA,NA,0.09560425441314441,0.08353790956116156
15820,"Campbellsville, KY (Micro)",NA,NA,NA,NA,0.08848432487123327,0.08136019522169727
14540,"Bowling Green, KY (Metro)",NA,NA,NA,NA,0.09600977567233825,0.08428336770423143
30940,"London, KY (Micro)",NA,NA,NA,NA,0.08807555526371601,0.08094189087510587
16420,"Central City, KY (Micro)",NA,NA,NA,NA,0.0917658153840433,0.08456865035218732
23180,"Frankfort, KY (Micro)",NA,NA,NA,NA,0.08837283591071357,0.07481063117458348
43700,"Somerset, KY (Micro)",NA,NA,NA,NA,0.08849635246083465,0.08162990790644117
23980,"Glasgow, KY (Micro)",NA,NA,NA,NA,0.09232905264717568,0.08408778761027577
19220,"Danville, KY (Micro)",NA,NA,NA,NA,0.09230138149769444,0.08227169356124531
33180,"Middlesborough, KY (Micro)",NA,NA,NA,NA,0.09192558899958105,0.0846374468453989
32500,"Maysville, KY (Micro)",NA,NA,NA,NA,0.09496679957237963,0.08348792797358114
46460,"Union City, TN-KY (Micro)",NA,NA,NA,NA,0.08679754503769657,0.07899523399554946
43340,"Shreveport-Bossier City, LA (Metro)",NA,NA,NA,NA,0.10098393376936741,0.0911984836725267
12940,"Baton Rouge, LA (Metro)",NA,NA,NA,NA,0.09946492666514668,0.0877064703468033
35380,"New Orleans-Metairie, LA (Metro)",NA,NA,NA,NA,0.10881127512239161,0.09425909099036966
34020,"Morgan City, LA (Micro)",NA,NA,NA,NA,0.09730136867499878,0.0894193212308869
25220,"Hammond, LA (Metro)",NA,NA,NA,NA,0.09864281051072545,0.09009709051986234
26380,"Houma-Thibodaux, LA (Metro)",NA,NA,NA,NA,0.09729481044157907,0.08751009227873278
33740,"Monroe, LA (Metro)",NA,NA,NA,NA,0.09497600876051884,0.08487959260352176
29180,"Lafayette, LA (Metro)",NA,NA,NA,NA,0.09900653128713961,0.0890716951254799
22860,"Fort Polk South, LA (Micro)",NA,NA,NA,NA,0.09691382747167954,0.08810284550670518
14220,"Bogalusa, LA (Micro)",NA,NA,NA,NA,0.09509363748304202,0.0861021722798332
29340,"Lake Charles, LA (Metro)",NA,NA,NA,NA,0.10788050889853214,0.09910676237804424
19760,"DeRidder, LA (Micro)",NA,NA,NA,NA,0.09554884105923632,0.08689099014433022
27660,"Jennings, LA (Micro)",NA,NA,NA,NA,0.10066586653693384,0.09359892149065485
40820,"Ruston, LA (Micro)",NA,NA,NA,NA,0.09613459902458721,0.08466503289719224
12820,"Bastrop, LA (Micro)",NA,NA,NA,NA,0.08863352228280708,0.08357887121607685
35060,"Natchitoches, LA (Micro)",NA,NA,NA,NA,0.09079536349078841,0.08364456474883082
10780,"Alexandria, LA (Metro)",NA,NA,NA,NA,0.09401047798369125,0.08673944846809303
35020,"Natchez, MS-LA (Micro)",NA,NA,NA,NA,0.09410844816223078,0.08730012376824454
36660,"Opelousas, LA (Micro)",NA,NA,NA,NA,0.09683104494787922,0.08971174719033549
38860,"Portland-South Portland, ME (Metro)",NA,NA,NA,NA,0.09772610244601569,0.08388544558914832
30340,"Lewiston-Auburn, ME (Metro)",NA,NA,NA,NA,0.08948058758837764,0.08137124179177872
12300,"Augusta-Waterville, ME (Micro)",NA,NA,NA,NA,0.08996313136395265,0.07980230296284836
12620,"Bangor, ME (Metro)",NA,NA,NA,NA,0.09375978501405502,0.08471981411288035
15680,"California-Lexington Park, MD (Metro)",NA,NA,NA,NA,0.10778578241469469,0.0852222593418515
25180,"Hagerstown-Martinsburg, MD-WV (Metro)",NA,NA,NA,NA,0.0965409675472261,0.08355989683464007
12580,"Baltimore-Columbia-Towson, MD (Metro)",NA,NA,NA,NA,0.10043324095550651,0.08211392290802991
19060,"Cumberland, MD-WV (Metro)",NA,NA,NA,NA,0.09683009262861249,0.08408426207653517
15700,"Cambridge, MD (Micro)",NA,NA,NA,NA,0.09846619647427751,0.0873218711573923
20660,"Easton, MD (Micro)",NA,NA,NA,NA,0.10481073307246687,0.09001063026735866
14460,"Boston-Cambridge-Newton, MA-NH (Metro)",NA,NA,NA,NA,0.10187506230552532,0.0792210519414901
39300,"Providence-Warwick, RI-MA (Metro)",NA,NA,NA,NA,0.10169628724870294,0.0855444884119834
12700,"Barnstable Town, MA (Metro)",NA,NA,NA,NA,0.11052096435552158,0.09487469884585448
44140,"Springfield, MA (Metro)",NA,NA,NA,NA,0.09638539511608923,0.08153769279270273
24640,"Greenfield Town, MA (Micro)",NA,NA,NA,NA,0.09211018381306547,0.07942817540975132
38340,"Pittsfield, MA (Metro)",NA,NA,NA,NA,0.10164879748183511,0.08823177453057371
47240,"Vineyard Haven, MA (Micro)",NA,NA,NA,NA,0.10186703141617443,0.09156194502585498
19820,"Detroit-Warren-Dearborn, MI (Metro)",NA,NA,NA,NA,0.09895001036515721,0.08087277189499885
15620,"Cadillac, MI (Micro)",NA,NA,NA,NA,0.09223084328419758,0.08300693218731048
37020,"Owosso, MI (Micro)",NA,NA,NA,NA,0.09225211486536482,0.08092910218182608
35660,"Niles-Benton Harbor, MI (Metro)",NA,NA,NA,NA,0.10018363688190847,0.08691208551140286
12980,"Battle Creek, MI (Metro)",NA,NA,NA,NA,0.09961137134811407,0.08643471259349395
13020,"Bay City, MI (Metro)",NA,NA,NA,NA,0.1017659748722425,0.0874850809397263
29620,"Lansing-East Lansing, MI (Metro)",NA,NA,NA,NA,0.09517923516604507,0.07687100540217032
26960,"Ionia, MI (Micro)",NA,NA,NA,NA,0.09092051457523777,0.07876902151151384
34380,"Mount Pleasant, MI (Micro)",NA,NA,NA,NA,0.10968342035223591,0.09525363932138307
27100,"Jackson, MI (Metro)",NA,NA,NA,NA,0.09704906554097896,0.08235250486641668
28020,"Kalamazoo-Portage, MI (Metro)",NA,NA,NA,NA,0.09685589918817056,0.08369891996314464
11460,"Ann Arbor, MI (Metro)",NA,NA,NA,NA,0.09463976316506181,0.07588563360306542
26090,"Holland, MI (Micro)",NA,NA,NA,NA,0.09539358800266516,0.08355343343424564
24340,"Grand Rapids-Wyoming, MI (Metro)",NA,NA,NA,NA,0.09437694493890642,0.0821277010657167
42300,"Sault Ste. Marie, MI (Micro)",NA,NA,NA,NA,0.0908008975346955,0.07871345148183824
10300,"Adrian, MI (Micro)",NA,NA,NA,NA,0.09545827806354878,0.08204494484461353
33780,"Monroe, MI (Metro)",NA,NA,NA,NA,0.09820105033134728,0.08283218433316153
34740,"Muskegon, MI (Metro)",NA,NA,NA,NA,0.09659451081757166,0.08562799693427874
22420,"Flint, MI (Metro)",NA,NA,NA,NA,0.09897285260602282,0.085625129304437
40980,"Saginaw, MI (Metro)",NA,NA,NA,NA,0.10119355230379616,0.08802863002177574
45900,"Traverse City, MI (Micro)",NA,NA,NA,NA,0.10587137860298275,0.0935984846570758
10940,"Alma, MI (Micro)",NA,NA,NA,NA,0.09273474138347212,0.0817692058993338
26340,"Houghton, MI (Micro)",NA,NA,NA,NA,0.1001885569233357,0.08736260031434924
31220,"Ludington, MI (Micro)",NA,NA,NA,NA,0.09612149946794758,0.08706998331889823
33220,"Midland, MI (Metro)",NA,NA,NA,NA,0.10205796570260758,0.08403057441172454
10980,"Alpena, MI (Micro)",NA,NA,NA,NA,0.09911688839532758,0.08922200091127692
31940,"Marinette, WI-MI (Micro)",NA,NA,NA,NA,0.09577845996693733,0.08472052874755215
17740,"Coldwater, MI (Micro)",NA,NA,NA,NA,0.09307427667953705,0.08249937261902648
25880,"Hillsdale, MI (Micro)",NA,NA,NA,NA,0.09083566825798887,0.08006490253263747
21540,"Escanaba, MI (Micro)",NA,NA,NA,NA,0.1060776465367432,0.09368784653387918
32100,"Marquette, MI (Micro)",NA,NA,NA,NA,0.10564042034723146,0.091679130458239
27020,"Iron Mountain, MI-WI (Micro)",NA,NA,NA,NA,0.10017062286466186,0.0916460508276022
44780,"Sturgis, MI (Micro)",NA,NA,NA,NA,0.09077413702123409,0.08061759637153874
13660,"Big Rapids, MI (Micro)",NA,NA,NA,NA,0.09230400956489322,0.0829553927249036
31860,"Mankato-North Mankato, MN (Metro)",NA,NA,NA,NA,0.09548987718562232,0.08242830093069493
33460,"Minneapolis-St. Paul-Bloomington, MN-WI (Metro)",NA,NA,NA,NA,0.09826517270564193,0.07806381829515195
40340,"Rochester, MN (Metro)",NA,NA,NA,NA,0.09830506354921256,0.08576904509526707
26780,"Hutchinson, MN (Micro)",NA,NA,NA,NA,0.09170015342156518,0.08011023239046916
21860,"Fairmont, MN (Micro)",NA,NA,NA,NA,0.09101680597864072,0.08085379252867644
32140,"Marshall, MN (Micro)",NA,NA,NA,NA,0.08548214040498689,0.07468946085911425
24330,"Grand Rapiuds, MN (Micro)",NA,NA,NA,NA,0.09675539654014487,0.08509025091470925
48820,"Willmar, MN (Micro)",NA,NA,NA,NA,0.08948652621082788,0.080154572150735
13420,"Bemidji, MN (Micro)",NA,NA,NA,NA,0.09532783876481607,0.08390167366015298
22020,"Fargo, ND-MN (Metro)",NA,NA,NA,NA,0.0982116347506044,0.08301379934885175
10660,"Albert Lea, MN (Micro)",NA,NA,NA,NA,0.09285626627789349,0.0813744483478616
22060,"Faribault-Northfield, MN (Micro)",NA,NA,NA,NA,0.09483321625702966,0.08074288561519401
20260,"Duluth, MN-WI (Metro)",NA,NA,NA,NA,0.10143392201490375,0.08701534715565229
36940,"Owatonna, MN (Micro)",NA,NA,NA,NA,0.09120641820693826,0.07733353041151209
35580,"New Ulm, MN (Micro)",NA,NA,NA,NA,0.09001487906536022,0.07906263139927901
14660,"Brainerd, MN (Micro)",NA,NA,NA,NA,0.1045877906451118,0.09273888017833136
24220,"Grand Forks, ND-MN (Metro)",NA,NA,NA,NA,0.09969187216257364,0.08526291542368192
12380,"Austin, MN (Micro)",NA,NA,NA,NA,0.09211165468312457,0.08009785984567161
49100,"Winona, MN (Micro)",NA,NA,NA,NA,0.09204992248387858,0.07963324224859752
41060,"St. Cloud, MN (Metro)",NA,NA,NA,NA,0.09375784571801353,0.08288642037452054
47420,"Wahpeton, ND-MN (Micro)",NA,NA,NA,NA,0.08817829678696909,0.07853607043244629
39860,"Red Wing, MN (Micro)",NA,NA,NA,NA,0.09935490255592681,0.08450090548212945
10820,"Alexandria, MN (Micro)",NA,NA,NA,NA,0.1013871933996053,0.08765508844861286
22260,"Fergus Falls, MN (Micro)",NA,NA,NA,NA,0.09248487256854393,0.08171720925184066
29100,"La Crosse-Onalaska, WI-MN (Metro)",NA,NA,NA,NA,0.09295444451116264,0.0816773265670705
49380,"Worthington, MN (Micro)",NA,NA,NA,NA,0.08568446329497993,0.07702613065710534
32940,"Meridian, MS (Micro)",NA,NA,NA,NA,0.09276257625118912,0.08551733646655597
46180,"Tupelo, MS (Micro)",NA,NA,NA,NA,0.08717063655662823,0.08022244201323875
15020,"Brookhaven, MS (Micro)",NA,NA,NA,NA,0.09049124207912132,0.08307600685725179
27140,"Jackson, MS (Metro)",NA,NA,NA,NA,0.09219696727561373,0.08103420853231864
25620,"Hattiesburg, MS (Metro)",NA,NA,NA,NA,0.09547761471887951,0.08626484018063493
25060,"Gulfport-Biloxi-Pascagoula, MS (Metro)",NA,NA,NA,NA,0.11668771110383847,0.10281246627579564
46980,"Vicksburg, MS (Micro)",NA,NA,NA,NA,0.10371327922729995,0.09311831163817179
29860,"Laurel, MS (Micro)",NA,NA,NA,NA,0.08680491910669072,0.08212199295496865
24740,"Greenville, MS (Micro)",NA,NA,NA,NA,0.09303718854024945,0.08645046286624183
48500,"West Point, MS (Micro)",NA,NA,NA,NA,0.09041072002562967,0.08352572291300163
17260,"Clarksdale, MS (Micro)",NA,NA,NA,NA,0.09967806023285668,0.0916816156856805
26940,"Indianola, MS (Micro)",NA,NA,NA,NA,0.08091512064330776,0.07641703954990556
18060,"Columbus, MS (Micro)",NA,NA,NA,NA,0.09714527670831324,0.08731351060195623
44260,"Starkville, MS (Micro)",NA,NA,NA,NA,0.09659076229073224,0.0824239679349131
38100,"Picayune, MS (Micro)",NA,NA,NA,NA,0.09751255277843385,0.08847910653055074
18420,"Corinth, MS (Micro)",NA,NA,NA,NA,0.08702988542599915,0.08096436758533136
17380,"Cleveland, MS (Micro)",NA,NA,NA,NA,0.08382051198021837,0.07727352363988087
37060,"Oxford, MS (Micro)",NA,NA,NA,NA,0.10367788838063359,0.08753401002564799
32620,"McComb, MS (Micro)",NA,NA,NA,NA,0.08827499210448682,0.08322935089846194
24980,"Grenada, MS (Micro)",NA,NA,NA,NA,0.08650094074805774,0.08035981449786694
24900,"Greenwood, MS (Micro)",NA,NA,NA,NA,0.08460526278907295,0.07897099808745861
27620,"Jefferson City, MO (Metro)",NA,NA,NA,NA,0.08351272348947868,0.07494353506688327
44180,"Springfield, MO (Metro)",NA,NA,NA,NA,0.09409263956078646,0.08448780702556682
42740,"Sedalia, MO (Micro)",NA,NA,NA,NA,0.09017748883722855,0.08314985088130843
32180,"Marshall, MO (Micro)",NA,NA,NA,NA,0.0879376278292661,0.08058848906449907
22100,"Farmington, MO (Micro)",NA,NA,NA,NA,0.0883565509517144,0.08318486490100606
28860,"Kirksville, MO (Micro)",NA,NA,NA,NA,0.09080143391303279,0.08197435614768062
17860,"Columbia, MO (Metro)",NA,NA,NA,NA,0.09629469323278818,0.08063044720745857
38740,"Poplar Bluff, MO (Micro)",NA,NA,NA,NA,0.09164757692058918,0.08492365549030889
27900,"Joplin, MO (Metro)",NA,NA,NA,NA,0.09214388969772241,0.08338400812321621
47660,"Warrensburg, MO (Micro)",NA,NA,NA,NA,0.09248844528328558,0.08387703824748723
30060,"Lebanon, MO (Micro)",NA,NA,NA,NA,0.08657142314106513,0.07998402275071174
14700,"Branson, MO (Micro)",NA,NA,NA,NA,0.11854379000891006,0.109068792635692
28380,"Kennett, MO (Micro)",NA,NA,NA,NA,0.08440034170220174,0.07770188710833834
22780,"Fort Leonard Wood, MO (Micro)",NA,NA,NA,NA,0.1067446019357866,0.09666943645056937
33620,"Moberly, MO (Micro)",NA,NA,NA,NA,0.08527644136615169,0.07805043811603148
25300,"Hannibal, MO (Micro)",NA,NA,NA,NA,0.08931334048394553,0.08250804055534736
32340,"Maryville, MO (Micro)",NA,NA,NA,NA,0.09298990375673932,0.08234312066200926
43460,"Sikeston, MO (Micro)",NA,NA,NA,NA,0.09092807444450966,0.08340499246121724
33020,"Mexico, MO (Micro)",NA,NA,NA,NA,0.08478722392820454,0.07877194070268398
40620,"Rolla, MO (Micro)",NA,NA,NA,NA,0.09561459677834307,0.08619321124333836
48460,"West Plains, MO (Micro)",NA,NA,NA,NA,0.08597864730641652,0.08076781308392898
28060,"Kalispell, MT (Micro)",NA,NA,NA,NA,0.11012936344083835,0.09803670587798494
14580,"Bozeman, MT (Micro)",NA,NA,NA,NA,0.1103528573190309,0.09710908404190685
25740,"Helena, MT (Micro)",NA,NA,NA,NA,0.10025104730043968,0.08338880033899398
33540,"Missoula, MT (Metro)",NA,NA,NA,NA,0.10521897493017325,0.0919704277377844
15580,"Butte-Silver Bow, MT (Micro)",NA,NA,NA,NA,0.10358003611166096,0.0891527893077285
24500,"Great Falls, MT (Metro)",NA,NA,NA,NA,0.10191200093802448,0.09082215986768045
13740,"Billings, MT (Metro)",NA,NA,NA,NA,0.10541613920293015,0.09164672453079808
24260,"Grand Island, NE (Metro)",NA,NA,NA,NA,0.09214674616224199,0.08192349291039992
30700,"Lincoln, NE (Metro)",NA,NA,NA,NA,0.09340661580201076,0.0794553749124095
28260,"Kearney, NE (Micro)",NA,NA,NA,NA,0.09587920363079219,0.08366741702288218
30420,"Lexington, NE (Micro)",NA,NA,NA,NA,0.08320193199576312,0.07595381840108938
23340,"Fremont, NE (Micro)",NA,NA,NA,NA,0.09151944520562932,0.08183013499208024
35740,"Norfolk, NE (Micro)",NA,NA,NA,NA,0.088907641194867,0.07999533720875054
18100,"Columbus, NE (Micro)",NA,NA,NA,NA,0.0881698325318865,0.07833364504719802
35820,"North Platte, NE (Micro)",NA,NA,NA,NA,0.09769239667386756,0.08598896274464124
13100,"Beatrice, NE (Micro)",NA,NA,NA,NA,0.0883712425875907,0.07957681356172756
25580,"Hastings, NE (Micro)",NA,NA,NA,NA,0.09508176910118887,0.08394656344683549
42420,"Scottsbluff, NE (Micro)",NA,NA,NA,NA,0.09028002119002802,0.08149958101649311
39900,"Reno, NV (Metro)",NA,NA,NA,NA,0.11153145702574102,0.09582469857811228
16180,"Carson City, NV (Metro)",NA,NA,NA,NA,0.10653455405791659,0.0903713284933966
29820,"Las Vegas-Henderson-Paradise, NV (Metro)",NA,NA,NA,NA,0.12796533219138956,0.1158377357737145
23820,"Gardnerville Ranchos, NV (Micro)",NA,NA,NA,NA,0.1132494004903096,0.09693759371545722
21220,"Elko, NV (Micro)",NA,NA,NA,NA,0.11642709536513149,0.09917501059052383
37220,"Pahrump, NV (Micro)",NA,NA,NA,NA,0.11417990221793828,0.10098963698769697
49080,"Winnemucca, NV (Micro)",NA,NA,NA,NA,0.10631462159886741,0.09306669578517231
22280,"Fernley, NV (Micro)",NA,NA,NA,NA,0.09732893916523844,0.08533771561491674
21980,"Fallon, NV (Micro)",NA,NA,NA,NA,0.0991611851617348,0.08522168548332328
28300,"Keene, NH (Micro)",NA,NA,NA,NA,0.09464131073616873,0.08193731828447691
13620,"Berlin, NH-VT (Micro)",NA,NA,NA,NA,0.10063795623689711,0.08982339350213407
31700,"Manchester-Nashua, NH (Metro)",NA,NA,NA,NA,0.0979563867609445,0.08055043178108733
18180,"Concord, NH (Micro)",NA,NA,NA,NA,0.09319078565793999,0.07901534337591588
29060,"Laconia, NH (Micro)",NA,NA,NA,NA,0.10003491414012357,0.0866558771231385
17200,"Claremont-Lebanon, NH-VT (Micro)",NA,NA,NA,NA,0.09657512991508019,0.08341199428684606
35620,"New York-Newark-Jersey City, NY-NJ-PA (Metro)",NA,NA,NA,NA,0.0971276440582322,0.07919579834381572
10900,"Allentown-Bethlehem-Easton, PA-NJ (Metro)",NA,NA,NA,NA,0.09551039585683342,0.08077297471105821
47220,"Vineland-Bridgeton, NJ (Metro)",NA,NA,NA,NA,0.08952551409091349,0.07913275584781505
12100,"Atlantic City-Hammonton, NJ (Metro)",NA,NA,NA,NA,0.12709398385211793,0.11068633138491349
36140,"Ocean City, NJ (Metro)",NA,NA,NA,NA,0.11196468660487184,0.095430359398389
45940,"Trenton, NJ (Metro)",NA,NA,NA,NA,0.09346732449063047,0.07242438749734946
10740,"Albuquerque, NM (Metro)",NA,NA,NA,NA,0.10042433886887536,0.08720558397837415
16100,"Carlsbad-Artesia, NM (Micro)",NA,NA,NA,NA,0.10676712149038106,0.09449825691129281
43500,"Silver City, NM (Micro)",NA,NA,NA,NA,0.09781447313442597,0.08988946294384874
23700,"Gallup, NM (Micro)",NA,NA,NA,NA,0.09824968681434133,0.09000311080710441
10460,"Alamogordo, NM (Micro)",NA,NA,NA,NA,0.10393753336364618,0.09486080932564883
21580,"Española, NM (Micro)",NA,NA,NA,NA,0.09358808135109659,0.08312680748891461
40740,"Roswell, NM (Micro)",NA,NA,NA,NA,0.09989778148867276,0.09158724640019614
29740,"Las Cruces, NM (Metro)",NA,NA,NA,NA,0.09738290102767914,0.0877049963432376
22140,"Farmington, NM (Metro)",NA,NA,NA,NA,0.10089383570298827,0.0923626494493844
42140,"Santa Fe, NM (Metro)",NA,NA,NA,NA,0.10721957495180488,0.09057890222100679
45340,"Taos, NM (Micro)",NA,NA,NA,NA,0.1134401843455091,0.1033942250458277
26020,"Hobbs, NM (Micro)",NA,NA,NA,NA,0.10325200987300015,0.0944059502423525
40760,"Ruidoso, NM (Micro)",NA,NA,NA,NA,0.11956529928793724,0.10682054674394137
17580,"Clovis, NM (Micro)",NA,NA,NA,NA,0.09601211711944954,0.08627149714785944
19700,"Deming, NM (Micro)",NA,NA,NA,NA,0.0921335921316918,0.08762540511771495
29780,"Las Vegas, NM (Micro)",NA,NA,NA,NA,0.09054412944647464,0.08274865471804503
24380,"Grants, NM (Micro)",NA,NA,NA,NA,0.09545384259435674,0.08602959850234544
38780,"Portales, NM (Micro)",NA,NA,NA,NA,0.08779655635679624,0.07855833834673978
31060,"Los Alamos, NM (Micro)",NA,NA,NA,NA,0.08798596722814643,0.05651687131584733
38460,"Plattsburgh, NY (Micro)",NA,NA,NA,NA,0.09281540099886536,0.07882151068131205
26460,"Hudson, NY (Micro)",NA,NA,NA,NA,0.09143279038908433,0.07844041083569833
18660,"Cortland, NY (Micro)",NA,NA,NA,NA,0.09809353612436592,0.08264956645295618
13780,"Binghamton, NY (Metro)",NA,NA,NA,NA,0.09431995824506889,0.0812334984177811
27060,"Ithaca, NY (Metro)",NA,NA,NA,NA,0.09573637224865282,0.07370371502850374
36460,"Olean, NY (Micro)",NA,NA,NA,NA,0.09207105022731663,0.08088173119369385
12180,"Auburn, NY (Micro)",NA,NA,NA,NA,0.09505879951956939,0.08052425065728122
27460,"Jamestown-Dunkirk-Fredonia, NY (Micro)",NA,NA,NA,NA,0.09347645897335839,0.08172722756829923
15380,"Buffalo-Cheektowaga-Niagara Falls, NY (Metro)",NA,NA,NA,NA,0.09851445274767295,0.08220113171846236
10580,"Albany-Schenectady-Troy, NY (Metro)",NA,NA,NA,NA,0.09420731349649454,0.07519334965377132
45060,"Syracuse, NY (Metro)",NA,NA,NA,NA,0.09651066288193215,0.08067282410628046
40380,"Rochester, NY (Metro)",NA,NA,NA,NA,0.09258663553750826,0.07889990175508362
18500,"Corning, NY (Micro)",NA,NA,NA,NA,0.09011886589770714,0.07572786469267442
21300,"Elmira, NY (Metro)",NA,NA,NA,NA,0.09676808007458543,0.08162348415101237
28740,"Kingston, NY (Metro)",NA,NA,NA,NA,0.09721191681231547,0.08219912868121705
24020,"Glens Falls, NY (Metro)",NA,NA,NA,NA,0.09630358172167094,0.08340980723164924
46540,"Utica-Rome, NY (Metro)",NA,NA,NA,NA,0.09242657386765461,0.07965747936657326
48060,"Watertown-Fort Drum, NY (Metro)",NA,NA,NA,NA,0.09635787019129408,0.0836019031754353
11220,"Amsterdam, NY (Micro)",NA,NA,NA,NA,0.0872619992827969,0.07772049007115626
36580,"Oneonta, NY (Micro)",NA,NA,NA,NA,0.09181146490836951,0.08018098790932932
31660,"Malone, NY (Micro)",NA,NA,NA,NA,0.09109521754207545,0.07838604738628988
24100,"Gloversville, NY (Micro)",NA,NA,NA,NA,0.08836552121913356,0.07877852083807631
12860,"Batavia, NY (Micro)",NA,NA,NA,NA,0.093105641104411635,0.08020974173054995
36300,"Ogdensburg-Massena, NY (Micro)",NA,NA,NA,NA,0.09147177884120122,0.07755200061987434
42900,"Seneca Falls, NY (Micro)",NA,NA,NA,NA,0.0965440969658216,0.08188525274080924
20380,"Dunn, NC (Micro)",NA,NA,NA,NA,0.09763929205655894,0.08630650550876925
16740,"Charlotte-Concord-Gastonia, NC-SC (Metro)",NA,NA,NA,NA,0.09842088972254916,0.08149445075408919
25860,"Hickory-Lenoir-Morganton, NC (Metro)",NA,NA,NA,NA,0.08934749237340951,0.08098803753183303
33980,"Morehead City, NC (Micro)",NA,NA,NA,NA,0.10546018215001969,0.0937212359464572
15500,"Burlington, NC (Metro)",NA,NA,NA,NA,0.0955839054123209,0.08405925875138665
47820,"Washington, NC (Micro)",NA,NA,NA,NA,0.09152738658900224,0.0816793033560607
47260,"Virginia Beach-Norfolk-Newport News, VA-NC (Metro)",NA,NA,NA,NA,0.10235942282460664,0.08746985508540363
24660,"Greensboro-High Point, NC (Metro)",NA,NA,NA,NA,0.09400079392593391,0.08232714137200707
20500,"Durham-Chapel Hill, NC (Metro)",NA,NA,NA,NA,0.09747291033486553,0.07938289890674638
49180,"Winston-Salem, NC (Metro)",NA,NA,NA,NA,0.09478855392695798,0.0827479719245848
11700,"Asheville, NC (Metro)",NA,NA,NA,NA,0.10354575658029068,0.09251717126264439
31300,"Lumberton, NC (Micro)",NA,NA,NA,NA,0.08908116708278464,0.08189545389124388
35100,"New Bern, NC (Metro)",NA,NA,NA,NA,0.09830226925016021,0.08787503735137615
22180,"Fayetteville, NC (Metro)",NA,NA,NA,NA,0.09873197656202791,0.08788375593475903
28620,"Kill Devil Hills, NC (Micro)",NA,NA,NA,NA,0.11256342131607777,0.10090483910200299
40460,"Rockingham, NC (Micro)",NA,NA,NA,NA,0.091350133526433,0.08391590914894624
29900,"Laurinburg, NC (Micro)",NA,NA,NA,NA,0.09259437095858397,0.08396812519333505
34340,"Mount Airy, NC (Micro)",NA,NA,NA,NA,0.09264456464133973,0.08461922459050479
39580,"Raleigh, NC (Metro)",NA,NA,NA,NA,0.0987991917382489,0.0786829302121268
40580,"Rocky Mount, NC (Metro)",NA,NA,NA,NA,0.08931685086324694,0.08095189954676235
48900,"Wilmington, NC (Metro)",NA,NA,NA,NA,0.10670707432228597,0.09106775290676611
25780,"Henderson, NC (Micro)",NA,NA,NA,NA,0.08797155718376563,0.08158234039800467
27340,"Jacksonville, NC (Metro)",NA,NA,NA,NA,0.1051139684455755,0.09433876324030809
21020,"Elizabeth City, NC (Micro)",NA,NA,NA,NA,0.09678037087793084,0.08645004667456609
24780,"Greenville, NC (Metro)",NA,NA,NA,NA,0.09625114109709318,0.08378379723181588
40260,"Roanoke Rapids, NC (Micro)",NA,NA,NA,NA,0.08802914547582368,0.080761651222246
38240,"Pinehurst-Southern Pines, NC (Micro)",NA,NA,NA,NA,0.10199368315791625,0.09123103139692725
24140,"Goldsboro, NC (Metro)",NA,NA,NA,NA,0.08909631151024452,0.08104062376720676
48980,"Wilson, NC (Micro)",NA,NA,NA,NA,0.09136238068395378,0.08174640363896625
34820,"Myrtle Beach-Conway-North Myrtle Beach, SC-NC (Metro)",NA,NA,NA,NA,0.11820301674436622,0.10455777805743229
41820,"Sanford, NC (Micro)",NA,NA,NA,NA,0.09343529456618407,0.08363364237596066
28820,"Kinston, NC (Micro)",NA,NA,NA,NA,0.08683012384273117,0.07997479281773955
14380,"Boone, NC (Micro)",NA,NA,NA,NA,0.10543998154118431,0.0918801571137113
35900,"North Wilkesboro, NC (Micro)",NA,NA,NA,NA,0.08868175913836475,0.07907028111573057
22580,"Forest City, NC (Micro)",NA,NA,NA,NA,0.09172124014449656,0.084279210551569
19000,"Cullowhee, NC (Micro)",NA,NA,NA,NA,0.10635784008323923,0.09737936069524344
32000,"Marion, NC (Micro)",NA,NA,NA,NA,0.0913481895852366,0.08396141315699898
37080,"Oxford, NC (Micro)",NA,NA,NA,NA,0.08957777655184437,0.07897480611378485
10620,"Albemarle, NC (Micro)",NA,NA,NA,NA,0.09182843467438621,0.08295835149456261
43140,"Shelby, NC (Micro)",NA,NA,NA,NA,0.0911238348022833,0.08285900954471835
14820,"Brevard, NC (Micro)",NA,NA,NA,NA,0.10051039121868385,0.08999398267286826
27420,"Jamestown, ND (Micro)",NA,NA,NA,NA,0.09254232248383637,0.07886271465858909
33500,"Minot, ND (Micro)",NA,NA,NA,NA,0.10572765635271812,0.0903472380056238
48780,"Williston, ND (Micro)",NA,NA,NA,NA,0.10770176464190576,0.09089088213432929
13900,"Bismarck, ND (Metro)",NA,NA,NA,NA,0.10223115011190112,0.08473593610949101
19860,"Dickinson, ND (Micro)",NA,NA,NA,NA,0.10897475397823876,0.09083161601364961
19380,"Dayton, OH (Metro)",NA,NA,NA,NA,0.09726752022290588,0.08344843411814101
49780,"Zanesville, OH (Micro)",NA,NA,NA,NA,0.09607933269279764,0.08663516317004658
38840,"Port Clinton, OH (Micro)",NA,NA,NA,NA,0.10141203189361384,0.0879439455930966
31900,"Mansfield, OH (Metro)",NA,NA,NA,NA,0.09417920070730387,0.08476843240784977
18140,"Columbus, OH (Metro)",NA,NA,NA,NA,0.09563913364309709,0.07860139753080672
17060,"Chillicothe, OH (Micro)",NA,NA,NA,NA,0.09716683395474018,0.08486373606259526
23380,"Fremont, OH (Micro)",NA,NA,NA,NA,0.09572778740386934,0.08495295871498393
39020,"Portsmouth, OH (Micro)",NA,NA,NA,NA,0.09386400695613976,0.08479011482815536
45660,"Tiffin, OH (Micro)",NA,NA,NA,NA,0.09293912326861989,0.08426402281769783
43380,"Sidney, OH (Micro)",NA,NA,NA,NA,0.09376911934948498,0.08317175996754769
15940,"Canton-Massillon, OH (Metro)",NA,NA,NA,NA,0.09703958152361833,0.0858953414261282
49660,"Youngstown-Warren-Boardman, OH-PA (Metro)",NA,NA,NA,NA,0.09769929681202304,0.08660314999157873
46780,"Van Wert, OH (Micro)",NA,NA,NA,NA,0.09332039018807257,0.08319959006847528
17460,"Cleveland-Elyria, OH (Metro)",NA,NA,NA,NA,0.09686441749463702,0.08184473365783222
24820,"Greenville, OH (Micro)",NA,NA,NA,NA,0.09056722047818083,0.08234490526739179
41780,"Sandusky, OH (Micro)",NA,NA,NA,NA,0.10711601542511666,0.09348153711606857
45780,"Toledo, OH (Metro)",NA,NA,NA,NA,0.09818859692277808,0.08565527100790638
22300,"Findlay, OH (Micro)",NA,NA,NA,NA,0.09625463276619459,0.08199775199366952
35940,"Norwalk, OH (Micro)",NA,NA,NA,NA,0.09652921422082927,0.08802174620089807
48260,"Weirton-Steubenville, WV-OH (Metro)",NA,NA,NA,NA,0.09843126336525926,0.08786906004948611
34540,"Mount Vernon, OH (Micro)",NA,NA,NA,NA,0.0956090720193208,0.08616803761811495
16380,"Celina, OH (Micro)",NA,NA,NA,NA,0.09027790128521698,0.08153223636603052
10420,"Akron, OH (Metro)",NA,NA,NA,NA,0.09606891581436115,0.08155111678138637
47540,"Wapakoneta, OH (Micro)",NA,NA,NA,NA,0.09467012416007488,0.0829234931038852
48540,"Wheeling, WV-OH (Metro)",NA,NA,NA,NA,0.09843248652007075,0.08957357992118674
49300,"Wooster, OH (Micro)",NA,NA,NA,NA,0.09193341335409803,0.08294072433282439
30620,"Lima, OH (Metro)",NA,NA,NA,NA,0.09732080696097677,0.08618712081779102
11740,"Ashland, OH (Micro)",NA,NA,NA,NA,0.09112014656032318,0.08242819660391656
11780,"Ashtabula, OH (Micro)",NA,NA,NA,NA,0.09507244484473906,0.08498150462133401
11900,"Athens, OH (Micro)",NA,NA,NA,NA,0.09672952517458436,0.08404814895122113
46500,"Urbana, OH (Micro)",NA,NA,NA,NA,0.09010325556729802,0.0794441114867061
44220,"Springfield, OH (Metro)",NA,NA,NA,NA,0.0938075678037869,0.08243370803791729
41400,"Salem, OH (Micro)",NA,NA,NA,NA,0.09679042106374558,0.08801213228550432
18740,"Coshocton, OH (Micro)",NA,NA,NA,NA,0.09303806470957339,0.08428860139191807
15340,"Bucyrus, OH (Micro)",NA,NA,NA,NA,0.09208766038813258,0.082927616947937155
19580,"Defiance, OH (Micro)",NA,NA,NA,NA,0.0901501942724397,0.08145701568375677
35420,"New Philadelphia-Dover, OH (Micro)",NA,NA,NA,NA,0.09815263811660285,0.08919236290827046
31930,"Marietta, OH (Micro)",NA,NA,NA,NA,0.0957742140254044,0.08702996746530661
32020,"Marion, OH (Micro)",NA,NA,NA,NA,0.09378039912607188,0.08239250693606427
48940,"Wilmington, OH (Micro)",NA,NA,NA,NA,0.0905758025231012,0.07986318598023431
13340,"Bellefontaine, OH (Micro)",NA,NA,NA,NA,0.09058114121513007,0.0796945039072367
27160,"Jackson, OH (Micro)",NA,NA,NA,NA,0.09176125740107012,0.08374804784759103
15740,"Cambridge, OH (Micro)",NA,NA,NA,NA,0.09685463909295998,0.08899934231015103
47920,"Washington Court House, OH (Micro)",NA,NA,NA,NA,0.09207216732352018,0.08242594751298239
38580,"Point Pleasant, WV-OH (Micro)",NA,NA,NA,NA,0.09069437636732648,0.0809632782839766
11060,"Altus, OK (Micro)",NA,NA,NA,NA,0.0967576326305134,0.08529049217361111
38620,"Ponca City, OK (Micro)",NA,NA,NA,NA,0.09619925685905063,0.0866111149863656
21420,"Enid, OK (Metro)",NA,NA,NA,NA,0.09622198045335703,0.08739596747406585
36420,"Oklahoma City, OK (Metro)",NA,NA,NA,NA,0.09868851517072513,0.08594973393168064
34780,"Muskogee, OK (Micro)",NA,NA,NA,NA,0.09314670339057998,0.0849773552586902
11620,"Ardmore, OK (Micro)",NA,NA,NA,NA,0.09567586800712975,0.08734149211663371
21120,"Elk City, OK (Micro)",NA,NA,NA,NA,0.09886752333466226,0.08917837584912423
20460,"Durant, OK (Micro)",NA,NA,NA,NA,0.08740550020667216,0.07910328313678115
30020,"Lawton, OK (Metro)",NA,NA,NA,NA,0.09583012636449877,0.08784548971919358
46140,"Tulsa, OK (Metro)",NA,NA,NA,NA,0.09735504781011728,0.08466953301444498
33060,"Miami, OK (Micro)",NA,NA,NA,NA,0.09431372056330944,0.08833111958459305
44660,"Stillwater, OK (Micro)",NA,NA,NA,NA,0.09733010869945524,0.08505243187708023
32540,"McAlester, OK (Micro)",NA,NA,NA,NA,0.09193996571453371,0.08430181631316153
10220,"Ada, OK (Micro)",NA,NA,NA,NA,0.08712251185496928,0.079712913179095235
20340,"Duncan, OK (Micro)",NA,NA,NA,NA,0.09364197824708172,0.08536125370430138
12780,"Bartlesville, OK (Micro)",NA,NA,NA,NA,0.1001266325661138,0.08974690857641204
25100,"Guymon, OK (Micro)",NA,NA,NA,NA,0.07649529788049597,0.06695742741674439
48220,"Weatherford, OK (Micro)",NA,NA,NA,NA,0.09593733121968093,0.08658831595150213
49260,"Woodward, OK (Micro)",NA,NA,NA,NA,0.09538804504515676,0.0877943278841395
43060,"Shawnee, OK (Micro)",NA,NA,NA,NA,0.0913185267380984,0.08195929681822033
45140,"Tahlequah, OK (Micro)",NA,NA,NA,NA,0.08562455593466366,0.07787287033375355
41420,"Salem, OR (Metro)",NA,NA,NA,NA,0.0951250927182613,0.08263967953393835
38900,"Portland-Vancouver-Hillsboro, OR-WA (Metro)",NA,NA,NA,NA,0.1010492362746761,0.08343386388746732
25840,"Hermiston-Pendleton, OR (Micro)",NA,NA,NA,NA,0.09074105293321659,0.07921974418878923
29260,"La Grande, OR (Micro)",NA,NA,NA,NA,0.09453289857141493,0.0841365917756237
45520,"The Dalles, OR (Micro)",NA,NA,NA,NA,0.09616641379974183,0.08736590301390976
21660,"Eugene, OR (Metro)",NA,NA,NA,NA,0.09981751513799124,0.08748903711178471
35440,"Newport, OR (Micro)",NA,NA,NA,NA,0.11953933351585429,0.10547316618063723
10540,"Albany, OR (Metro)",NA,NA,NA,NA,0.09498357375594639,0.08353828569562113
18700,"Corvallis, OR (Metro)",NA,NA,NA,NA,0.09900336558888509,0.0810807347119403
26220,"Hood River, OR (Micro)",NA,NA,NA,NA,0.09234383924874497,0.08376926031931219
32780,"Medford, OR (Metro)",NA,NA,NA,NA,0.10255507277816482,0.09128675581367213
24420,"Grants Pass, OR (Metro)",NA,NA,NA,NA,0.10044100618060998,0.0908767918241456
28900,"Klamath Falls, OR (Micro)",NA,NA,NA,NA,0.09663872298046206,0.08628252540529026
11820,"Astoria, OR (Micro)",NA,NA,NA,NA,0.11990667863425881,0.10493678426314455
18300,"Coos Bay, OR (Micro)",NA,NA,NA,NA,0.10396953509963516,0.09273600110133692
15060,"Brookings, OR (Micro)",NA,NA,NA,NA,0.11130965608296532,0.09483638405896741
13460,"Bend-Redmond, OR (Metro)",NA,NA,NA,NA,0.10946401614263912,0.09529519986246163
40700,"Roseburg, OR (Micro)",NA,NA,NA,NA,0.09966634323797788,0.08784767392063744
39260,"Prineville, OR (Micro)",NA,NA,NA,NA,0.10160813597072063,0.09150643406925628
38300,"Pittsburgh, PA (Metro)",NA,NA,NA,NA,0.100462797478026,0.08254678376034116
27780,"Johnstown, PA (Metro)",NA,NA,NA,NA,0.09347695983196339,0.08276545179248733
44300,"State College, PA (Metro)",NA,NA,NA,NA,0.09640422129081223,0.07738199652848046
20700,"East Stroudsburg, PA (Metro)",NA,NA,NA,NA,0.11033467694675048,0.09319644217829386
49620,"York-Hanover, PA (Metro)",NA,NA,NA,NA,0.096392964445234125,0.0825869288888197
47620,"Warren, PA (Micro)",NA,NA,NA,NA,0.08742313757931484,0.0770892398453278
30820,"Lock Haven, PA (Micro)",NA,NA,NA,NA,0.0957452159971609,0.08378467352559416
14100,"Bloomsburg-Berwick, PA (Metro)",NA,NA,NA,NA,0.09011291910549954,0.07746808177524199
32740,"Meadville, PA (Micro)",NA,NA,NA,NA,0.09438975583966665,0.08355403070434574
25420,"Harrisburg-Carlisle, PA (Metro)",NA,NA,NA,NA,0.09346474239829958,0.07771752838677788
14620,"Bradford, PA (Micro)",NA,NA,NA,NA,0.0930072840579182,0.08280963806140024
44980,"Sunbury, PA (Micro)",NA,NA,NA,NA,0.09012294865340213,0.07999548624062508
41260,"St. Marys, PA (Micro)",NA,NA,NA,NA,0.08989487619527319,0.07965005128332862
21500,"Erie, PA (Metro)",NA,NA,NA,NA,0.09961351085343528,0.08648369238244201
42540,"Scranton--Wilkes-Barre--Hazleton, PA (Metro)",NA,NA,NA,NA,0.09268598926016218,0.08153121089885519
48700,"Williamsport, PA (Metro)",NA,NA,NA,NA,0.09418823911726613,0.08396807955331281
26860,"Indiana, PA (Micro)",NA,NA,NA,NA,0.09346242626032515,0.08322621351038631
29540,"Lancaster, PA (Metro)",NA,NA,NA,NA,0.09669803359572073,0.08480275703046863
39740,"Reading, PA (Metro)",NA,NA,NA,NA,0.09242321170921768,0.07944166283158503
11020,"Altoona, PA (Metro)",NA,NA,NA,NA,0.0958233646542188,0.08481939376605263
42380,"Sayre, PA (Micro)",NA,NA,NA,NA,0.0908845112584993,0.08069842884342875
39060,"Pottsville, PA (Micro)",NA,NA,NA,NA,0.08902011976078911,0.0781673667155163
43740,"Somerset, PA (Micro)",NA,NA,NA,NA,0.09657059547458177,0.08607911610482834
36340,"Oil City, PA (Micro)",NA,NA,NA,NA,0.09272619412602744,0.0827004539533035
35260,"New Castle, PA (Micro)",NA,NA,NA,NA,0.09593801109334009,0.08447168690078843
30140,"Lebanon, PA (Metro)",NA,NA,NA,NA,0.0954433228953158,0.08325765757660857
16540,"Chambersburg-Waynesboro, PA (Metro)",NA,NA,NA,NA,0.09398962888956225,0.08213518970516294
30260,"Lewisburg, PA (Micro)",NA,NA,NA,NA,0.09333263164103908,0.08092412296584763
30380,"Lewistown, PA (Micro)",NA,NA,NA,NA,0.09189714632708472,0.08223458979869382
26500,"Huntingdon, PA (Micro)",NA,NA,NA,NA,0.09339012361250162,0.08311773016592645
42780,"Selinsgrove, PA (Micro)",NA,NA,NA,NA,0.08989807035482257,0.08055785657776013
23900,"Gettysburg, PA (Metro)",NA,NA,NA,NA,0.09905982628654471,0.08655865308062756
20180,"DuBois, PA (Micro)",NA,NA,NA,NA,0.09275552011854046,0.08341802377332604
24860,"Greenville-Anderson-Mauldin, SC (Metro)",NA,NA,NA,NA,0.09630079899973903,0.08380462879438161
25940,"Hilton Head Island-Bluffton-Beaufort, SC (Metro)",NA,NA,NA,NA,0.11640006297111144,0.1033310545443201
16700,"Charleston-North Charleston, SC (Metro)",NA,NA,NA,NA,0.10535708383717214,0.090278707393636
23500,"Gaffney, SC (Micro)",NA,NA,NA,NA,0.0907663338249442,0.08245160930918229
22500,"Florence, SC (Metro)",NA,NA,NA,NA,0.09550125790544865,0.08517210623413661
17900,"Columbia, SC (Metro)",NA,NA,NA,NA,0.09485869365876616,0.08116277121115195
35140,"Newberry, SC (Micro)",NA,NA,NA,NA,0.08913308136079671,0.08154089812407514
42860,"Seneca, SC (Micro)",NA,NA,NA,NA,0.09848539902820773,0.08446906231650232
44940,"Sumter, SC (Metro)",NA,NA,NA,NA,0.09287106487603548,0.08409726371649147
23860,"Georgetown, SC (Micro)",NA,NA,NA,NA,0.11011575645870657,0.0973192520320869
36700,"Orangeburg, SC (Micro)",NA,NA,NA,NA,0.09281741874996871,0.08385200574111824
43900,"Spartanburg, SC (Metro)",NA,NA,NA,NA,0.09519254352330397,0.08416757878031222
24940,"Greenwood, SC (Micro)",NA,NA,NA,NA,0.09026697474114695,0.08146628563545577
13500,"Bennettsville, SC (Micro)",NA,NA,NA,NA,0.08692698203087036,0.08092847443427971
33580,"Mitchell, SD (Micro)",NA,NA,NA,NA,0.09460201340467626,0.08491600893655407
43620,"Sioux Falls, SD (Metro)",NA,NA,NA,NA,0.09437293730401997,0.08201207351716232
39660,"Rapid City, SD (Metro)",NA,NA,NA,NA,0.1034832591080267,0.09309738516274549
49460,"Yankton, SD (Micro)",NA,NA,NA,NA,0.09125412426550253,0.08078145324990894
26700,"Huron, SD (Micro)",NA,NA,NA,NA,0.0827892884346008,0.0762638720900352
15100,"Brookings, SD (Micro)",NA,NA,NA,NA,0.0945655806667639,0.0809774589023094
10100,"Aberdeen, SD (Micro)",NA,NA,NA,NA,0.09402489447436752,0.08280011778636785
47980,"Watertown, SD (Micro)",NA,NA,NA,NA,0.0963297715014924,0.08580876645754637
46820,"Vermillion, SD (Micro)",NA,NA,NA,NA,0.09680873503793207,0.08055406680957573
38180,"Pierre, SD (Micro)",NA,NA,NA,NA,0.09446583458231338,0.07924698383795575
43940,"Spearfish, SD (Micro)",NA,NA,NA,NA,0.12082911443590186,0.10709562177485112
28940,"Knoxville, TN (Metro)",NA,NA,NA,NA,0.09858403005406845,0.08444189120781516
34980,"Nashville-Davidson--Murfreesboro--Franklin, TN (Metro)",NA,NA,NA,NA,0.09909110135723265,0.08274132977354906
20540,"Dyersburg, TN (Micro)",NA,NA,NA,NA,0.08818881101526944,0.07926615551433694
46100,"Tullahoma-Manchester, TN (Micro)",NA,NA,NA,NA,0.0913094042012183,0.0789494585744235
28700,"Kingsport-Bristol-Bristol, TN-VA (Metro)",NA,NA,NA,NA,0.09739043772550668,0.08705721825947553
42940,"Sevierville, TN (Micro)",NA,NA,NA,NA,0.12839050205547986,0.11528553259539696
24620,"Greeneville, TN (Micro)",NA,NA,NA,NA,0.08969442879306642,0.08136341558868135
27740,"Johnson City, TN (Metro)",NA,NA,NA,NA,0.09721690701921197,0.08615091980711605
32280,"Martin, TN (Micro)",NA,NA,NA,NA,0.0859809552984535,0.0775366696121506
37540,"Paris, TN (Micro)",NA,NA,NA,NA,0.08846711065637788,0.08170332574318924
34100,"Morristown, TN (Metro)",NA,NA,NA,NA,0.09885749255481789,0.08769369978308736
11940,"Athens, TN (Micro)",NA,NA,NA,NA,0.09334441984272064,0.08263493997009026
27180,"Jackson, TN (Metro)",NA,NA,NA,NA,0.09224291116917539,0.0824216365128761
17420,"Cleveland, TN (Metro)",NA,NA,NA,NA,0.0956187787682382,0.08377363923658644
35460,"Newport, TN (Micro)",NA,NA,NA,NA,0.111980020866374,0.09807375448415831
15140,"Brownsville, TN (Micro)",NA,NA,NA,NA,0.08531087180965546,0.07766510589336278
32660,"McMinnville, TN (Micro)",NA,NA,NA,NA,0.08889188044531261,0.08007502893078519
30280,"Lewisburg, TN (Micro)",NA,NA,NA,NA,0.08964988138687063,0.08019018360305392
18900,"Crossville, TN (Micro)",NA,NA,NA,NA,0.09213364397385417,0.08351822072561936
18260,"Cookeville, TN (Micro)",NA,NA,NA,NA,0.09317718923580942,0.0837649892399821
19420,"Dayton, TN (Micro)",NA,NA,NA,NA,0.0893888682707996,0.08108443511492795
43180,"Shelbyville, TN (Micro)",NA,NA,NA,NA,0.09141267679275131,0.08196612458408917
29980,"Lawrenceburg, TN (Micro)",NA,NA,NA,NA,0.09123624919172262,0.08225859513479652
19100,"Dallas-Fort Worth-Arlington, TX (Metro)",NA,NA,NA,NA,0.09946474399260218,0.08209553738554821
12420,"Austin-Round Rock, TX (Metro)",NA,NA,NA,NA,0.10383045072928751,0.08365898790430298
26660,"Huntsville, TX (Micro)",NA,NA,NA,NA,0.0912802573901536,0.0785052506922112
46620,"Uvalde, TX (Micro)",NA,NA,NA,NA,0.09358374734495958,0.08599142882333263
19620,"Del Rio, TX (Micro)",NA,NA,NA,NA,0.09413004871059254,0.0870808317525615
47020,"Victoria, TX (Metro)",NA,NA,NA,NA,0.09972434175832548,0.08956054012753047
26420,"Houston-The Woodlands-Sugar Land, TX (Metro)",NA,NA,NA,NA,0.1019881304282228,0.08606340518944416
29700,"Laredo, TX (Metro)",NA,NA,NA,NA,0.09068010618448598,0.0830474068603964
41660,"San Angelo, TX (Metro)",NA,NA,NA,NA,0.09936379948490812,0.08834132124659631
36220,"Odessa, TX (Metro)",NA,NA,NA,NA,0.1075700350359579,0.09495626187224636
48660,"Wichita Falls, TX (Metro)",NA,NA,NA,NA,0.10105929425632547,0.08894986993718955
41700,"San Antonio-New Braunfels, TX (Metro)",NA,NA,NA,NA,0.10368678115087515,0.0883717567723929
28660,"Killeen-Temple, TX (Metro)",NA,NA,NA,NA,0.0980561710090452,0.08699840922960578
10180,"Abilene, TX (Metro)",NA,NA,NA,NA,0.09897705975129066,0.0880850709625401
13140,"Beaumont-Port Arthur, TX (Metro)",NA,NA,NA,NA,0.10280004344396439,0.09220504770792783
10860,"Alice, TX (Micro)",NA,NA,NA,NA,0.09769345862910318,0.09129442973298194
32580,"McAllen-Edinburg-Mission, TX (Metro)",NA,NA,NA,NA,0.09181314181502093,0.08577398207503376
30220,"Levelland, TX (Micro)",NA,NA,NA,NA,0.09615333669721343,0.08733210947965467
44860,"Sulphur Springs, TX (Micro)",NA,NA,NA,NA,0.09230779407287643,0.08335696525620118
21340,"El Paso, TX (Metro)",NA,NA,NA,NA,0.09748913188263553,0.08700656456088496
17780,"College Station-Bryan, TX (Metro)",NA,NA,NA,NA,0.09423973220550835,0.08372303822902219
18580,"Corpus Christi, TX (Metro)",NA,NA,NA,NA,0.10659671296534295,0.09625343328039497
33420,"Mineral Wells, TX (Micro)",NA,NA,NA,NA,0.09802553207572308,0.08880800799846053
14300,"Bonham, TX (Micro)",NA,NA,NA,NA,0.09388124202040334,0.08297655239854701
30980,"Longview, TX (Metro)",NA,NA,NA,NA,0.09550867534054497,0.08613529793375357
46340,"Tyler, TX (Metro)",NA,NA,NA,NA,0.09739733896706747,0.08674348528506826
15180,"Brownsville-Harlingen, TX (Metro)",NA,NA,NA,NA,0.09312012831355038,0.08668255873814987
27380,"Jacksonville, TX (Micro)",NA,NA,NA,NA,0.08631289919045577,0.08095024270419986
11980,"Athens, TX (Micro)",NA,NA,NA,NA,0.0953489426736793,0.0861520098549754
23620,"Gainesville, TX (Micro)",NA,NA,NA,NA,0.10697157461603421,0.09214578110361163
25820,"Hereford, TX (Micro)",NA,NA,NA,NA,0.0815923148676751,0.07414601115462587
15220,"Brownwood, TX (Micro)",NA,NA,NA,NA,0.09291924170999308,0.08308608370844045
38920,"Port Lavaca, TX (Micro)",NA,NA,NA,NA,0.10306052100405955,0.0924959496166176
40100,"Rio Grande City, TX (Micro)",NA,NA,NA,NA,0.08558364810358803,0.08214986847889978
11100,"Amarillo, TX (Metro)",NA,NA,NA,NA,0.09990288716973915,0.08657658672158647
37780,"Pecos, TX (Micro)",NA,NA,NA,NA,0.10338290988984244,0.09323454859664272
43300,"Sherman-Denison, TX (Metro)",NA,NA,NA,NA,0.09726528809312766,0.084871057315391
37300,"Palestine, TX (Micro)",NA,NA,NA,NA,0.09330043817696264,0.08400092527399458
31260,"Lufkin, TX (Micro)",NA,NA,NA,NA,0.09269861129056409,0.08459150303481305
31180,"Lubbock, TX (Metro)",NA,NA,NA,NA,0.0986558985030266,0.0860027525316246
47380,"Waco, TX (Metro)",NA,NA,NA,NA,0.09768891195003912,0.08610502984313843
20300,"Dumas, TX (Micro)",NA,NA,NA,NA,0.08788291471065215,0.08076257867036367
34860,"Nacogdoches, TX (Micro)",NA,NA,NA,NA,0.09262453258653473,0.08373621828640097
20580,"Eagle Pass, TX (Micro)",NA,NA,NA,NA,0.09105954788442883,0.08582197396988114
33260,"Midland, TX (Metro)",NA,NA,NA,NA,0.10853976715035885,0.0925468282008284
37580,"Paris, TX (Micro)",NA,NA,NA,NA,0.09332180047571334,0.08482050813195668
49820,"Zapata, TX (Micro)",NA,NA,NA,NA,0.09184901603703653,0.08910542631512534
13300,"Beeville, TX (Micro)",NA,NA,NA,NA,0.0950862809908321,0.08598136488979441
29500,"Lamesa, TX (Micro)",NA,NA,NA,NA,0.08975939841259901,0.08148631952871557
14780,"Brenham, TX (Micro)",NA,NA,NA,NA,0.09397473423900775,0.08417778138039361
38380,"Plainview, TX (Micro)",NA,NA,NA,NA,0.09182063920716736,0.0828708388520199
44500,"Stephenville, TX (Micro)",NA,NA,NA,NA,0.09624230796512066,0.08559001923890537
14420,"Borger, TX (Micro)",NA,NA,NA,NA,0.10311670462636259,0.0939313323722921
34420,"Mount Pleasant, TX (Micro)",NA,NA,NA,NA,0.08558239503205341,0.07968450559062157
18620,"Corsicana, TX (Micro)",NA,NA,NA,NA,0.0920262938111674,0.08409227180351943
20900,"El Campo, TX (Micro)",NA,NA,NA,NA,0.09467303984520112,0.08568169434434339
46900,"Vernon, TX (Micro)",NA,NA,NA,NA,0.0893543772900614,0.08144756092865423
39700,"Raymondville, TX (Micro)",NA,NA,NA,NA,0.08949187383000004,0.08484409411577222
28500,"Kerrville, TX (Micro)",NA,NA,NA,NA,0.10605677341302515,0.09531373956864599
28780,"Kingsville, TX (Micro)",NA,NA,NA,NA,0.09512525057800228,0.08736650718221113
13060,"Bay City, TX (Micro)",NA,NA,NA,NA,0.1006042384866645,0.09109598514616923
32220,"Marshall, TX (Micro)",NA,NA,NA,NA,0.09637369056202919,0.08651658304349437
11380,"Andrews, TX (Micro)",NA,NA,NA,NA,0.09724582266846989,0.08962785461536746
37420,"Pampa, TX (Micro)",NA,NA,NA,NA,0.09402971998433872,0.08436881051860247
13700,"Big Spring, TX (Micro)",NA,NA,NA,NA,0.10125623304254093,0.09143086434824431
23240,"Fredericksburg, TX (Micro)",NA,NA,NA,NA,0.1089647917209808,0.09735720891819116
43660,"Snyder, TX (Micro)",NA,NA,NA,NA,0.0950358869983578,0.08535081575960399
45020,"Sweetwater, TX (Micro)",NA,NA,NA,NA,0.09666897021310701,0.08778480068551937
36260,"Ogden-Clearfield, UT (Metro)",NA,NA,NA,NA,0.09267866065024356,0.08212313608806301
39340,"Provo-Orem, UT (Metro)",NA,NA,NA,NA,0.09286163304070562,0.08198854733237439
25720,"Heber, UT (Micro)",NA,NA,NA,NA,0.11077166965307753,0.09773916802524718
41100,"St. George, UT (Metro)",NA,NA,NA,NA,0.10236431978092862,0.09408624281410936
44920,"Summit Park, UT (Micro)",NA,NA,NA,NA,0.11993208197098182,0.0997163596047841
41620,"Salt Lake City, UT (Metro)",NA,NA,NA,NA,0.091151928630957,0.07962287385926724
46860,"Vernal, UT (Micro)",NA,NA,NA,NA,0.09630632358518709,0.08795032011863112
39220,"Price, UT (Micro)",NA,NA,NA,NA,0.08937706206041904,0.08172647579626226
16260,"Cedar City, UT (Micro)",NA,NA,NA,NA,0.09739810234509905,0.08751297788689273
40860,"Rutland, VT (Micro)",NA,NA,NA,NA,0.10427029011660417,0.09112190603014368
12740,"Barre, VT (Micro)",NA,NA,NA,NA,0.09834411530218977,0.08161592209046528
13540,"Bennington, VT (Micro)",NA,NA,NA,NA,0.09804341195996343,0.08760525757006339
15540,"Burlington-South Burlington, VT (Metro)",NA,NA,NA,NA,0.09828921613269669,0.08235093698845784
13980,"Blacksburg-Christiansburg-Radford, VA (Metro)",NA,NA,NA,NA,0.09333851624532229,0.08115005473021389
40220,"Roanoke, VA (Metro)",NA,NA,NA,NA,0.09624829001629073,0.08459738305792576
49020,"Winchester, VA-WV (Metro)",NA,NA,NA,NA,0.09703446689145215,0.08418213187231928
16820,"Charlottesville, VA (Metro)",NA,NA,NA,NA,0.10196708769963526,0.08554118174081757
19260,"Danville, VA (Micro)",NA,NA,NA,NA,0.09202680427738277,0.08394513198070286
25500,"Harrisonburg, VA (Metro)",NA,NA,NA,NA,0.09586666439486498,0.08490919220898603
31340,"Lynchburg, VA (Metro)",NA,NA,NA,NA,0.096598070691189,0.08548180787096353
40060,"Richmond, VA (Metro)",NA,NA,NA,NA,0.09886928919390195,0.08158385633544547
32300,"Martinsville, VA (Micro)",NA,NA,NA,NA,0.08833478368677947,0.08203752342875707
44420,"Staunton-Waynesboro, VA (Metro)",NA,NA,NA,NA,0.09779249195550932,0.08669562880848984
13720,"Big Stone Gap, VA (Micro)",NA,NA,NA,NA,0.08603948713337635,0.08018115210662595
14140,"Bluefield, WV-VA (Micro)",NA,NA,NA,NA,0.09266770740809736,0.08593563072548599
36500,"Olympia-Tumwater, WA (Metro)",NA,NA,NA,NA,0.09637693525422879,0.0765831499770328
47460,"Walla Walla, WA (Metro)",NA,NA,NA,NA,0.0918527180723384,0.07883569733307585
13380,"Bellingham, WA (Metro)",NA,NA,NA,NA,0.09826261068274306,0.08666969009812318
39420,"Pullman, WA (Micro)",NA,NA,NA,NA,0.08875589172960685,0.07273318823248537
49420,"Yakima, WA (Metro)",NA,NA,NA,NA,0.07624859709132939,0.07049842501249534
42660,"Seattle-Tacoma-Bellevue, WA (Metro)",NA,NA,NA,NA,0.1035257065815115,0.08137897083089043
31020,"Longview, WA (Metro)",NA,NA,NA,NA,0.09795966542286186,0.08496648399982686
14740,"Bremerton-Silverdale, WA (Metro)",NA,NA,NA,NA,0.10500694143730188,0.08800569154741522
21260,"Ellensburg, WA (Micro)",NA,NA,NA,NA,0.1015376779124359,0.08634078264500732
16500,"Centralia, WA (Micro)",NA,NA,NA,NA,0.09605230041793615,0.08334160252414305
43220,"Shelton, WA (Micro)",NA,NA,NA,NA,0.09665846402239993,0.08270863387289935
48300,"Wenatchee, WA (Metro)",NA,NA,NA,NA,0.08723210379770156,0.07873756460596178
34180,"Moses Lake, WA (Micro)",NA,NA,NA,NA,0.0794386354773098,0.07027113773107721
10140,"Aberdeen, WA (Micro)",NA,NA,NA,NA,0.09904120227036071,0.08460115987385336
36020,"Oak Harbor, WA (Micro)",NA,NA,NA,NA,0.10399510364869757,0.08897731700511478
28420,"Kennewick-Richland, WA (Metro)",NA,NA,NA,NA,0.09105535353922532,0.07841378163986808
38820,"Port Angeles, WA (Micro)",NA,NA,NA,NA,0.10241006450461082,0.08798741219465235
44060,"Spokane-Spokane Valley, WA (Metro)",NA,NA,NA,NA,0.09745880792924057,0.08364783876787006
34580,"Mount Vernon-Anacortes, WA (Metro)",NA,NA,NA,NA,0.09884243161716312,0.08797457129967039
36830,"Othello, WA (Micro)",NA,NA,NA,NA,0.07272826482417796,0.06609399410978097
34060,"Morgantown, WV (Metro)",NA,NA,NA,NA,0.10078222463978226,0.08606749847100811
13220,"Beckley, WV (Metro)",NA,NA,NA,NA,0.09902074569336737,0.09062182221271066
21180,"Elkins, WV (Micro)",NA,NA,NA,NA,0.09231828204502347,0.08579584717984728
37620,"Parkersburg-Vienna, WV (Metro)",NA,NA,NA,NA,0.09815809866982173,0.08839004044450754
16620,"Charleston, WV (Metro)",NA,NA,NA,NA,0.09218566145927755,0.08150694701451129
21900,"Fairmont, WV (Micro)",NA,NA,NA,NA,0.09926259679407579,0.08779400796965295
17220,"Clarksburg, WV (Micro)",NA,NA,NA,NA,0.09701634766993021,0.08668465345846946
30880,"Logan, WV (Micro)",NA,NA,NA,NA,0.09607259353944231,0.08723638569872134
11540,"Appleton, WI (Metro)",NA,NA,NA,NA,0.09554719584792706,0.08158775745774423
33340,"Milwaukee-Waukesha-West Allis, WI (Metro)",NA,NA,NA,NA,0.09603886365484908,0.07977663416448567
31820,"Manitowoc, WI (Micro)",NA,NA,NA,NA,0.09054600584562407,0.08008861666835372
48140,"Wausau, WI (Metro)",NA,NA,NA,NA,0.08778514504144858,0.07736621016383637
44620,"Stevens Point, WI (Micro)",NA,NA,NA,NA,0.09276819958350127,0.07858950169457384
39540,"Racine, WI (Metro)",NA,NA,NA,NA,0.09550517920576386,0.08236861043223703
27500,"Janesville-Beloit, WI (Metro)",NA,NA,NA,NA,0.09336682729743302,0.0816546862384367
43100,"Sheboygan, WI (Metro)",NA,NA,NA,NA,0.09309915035573293,0.08069045311242089
48580,"Whitewater-Elkhorn, WI (Micro)",NA,NA,NA,NA,0.09994003142163728,0.08633227824819051
12660,"Baraboo, WI (Micro)",NA,NA,NA,NA,0.10320811689287913,0.08906986830098265
32860,"Menomonie, WI (Micro)",NA,NA,NA,NA,0.09111179712327368,0.08073695288103323
20740,"Eau Claire, WI (Metro)",NA,NA,NA,NA,0.09231557828577718,0.08057868148180158
22540,"Fond du Lac, WI (Metro)",NA,NA,NA,NA,0.09174037873189811,0.08089220106458206
38420,"Platteville, WI (Micro)",NA,NA,NA,NA,0.08500611399721568,0.0758506871515572
31540,"Madison, WI (Metro)",NA,NA,NA,NA,0.09497981377852217,0.07572012644139611
36780,"Oshkosh-Neenah, WI (Metro)",NA,NA,NA,NA,0.09568921555967974,0.08143185521706076
32980,"Merrill, WI (Micro)",NA,NA,NA,NA,0.08695361976359425,0.07721735323508329
48020,"Watertown-Fort Atkinson, WI (Micro)",NA,NA,NA,NA,0.09148695360075558,0.08110263219595679
24580,"Green Bay, WI (Metro)",NA,NA,NA,NA,0.09413961680890516,0.08113851576337469
13180,"Beaver Dam, WI (Micro)",NA,NA,NA,NA,0.08892274799126386,0.07952885134826758
49220,"Wisconsin Rapids-Marshfield, WI (Micro)",NA,NA,NA,NA,0.08817574593461777,0.07935728022198203
43020,"Shawano, WI (Micro)",NA,NA,NA,NA,0.08806326273796038,0.0796213563598153
40180,"Riverton, WY (Micro)",NA,NA,NA,NA,0.09826131468233747,0.08615999380889218
16940,"Cheyenne, WY (Metro)",NA,NA,NA,NA,0.09785553467637094,0.08185903889671399
43260,"Sheridan, WY (Micro)",NA,NA,NA,NA,0.10531873826462254,0.09297171130397743
21740,"Evanston, WY (Micro)",NA,NA,NA,NA,0.09448574801003426,0.08500948758189336
29660,"Laramie, WY (Micro)",NA,NA,NA,NA,0.09875533141143455,0.08211453659302637
23940,"Gillette, WY (Micro)",NA,NA,NA,NA,0.10143230622741171,0.0890809680468273
16220,"Casper, WY (Metro)",NA,NA,NA,NA,0.10496403671928373,0.09064821782663124
40540,"Rock Springs, WY (Micro)",NA,NA,NA,NA,0.10576919215712817,0.09156223856485143
